timestamp;obj_regio1;obj_heatingType;ga_cd_via_qualified;obj_telekomTvOffer;obj_cId;obj_newlyConst;obj_balcony;obj_picture;obj_picturecount;obj_pricetrend;obj_telekomUploadSpeed;obj_telekomTrackingGroup;obj_telekomInternetTechnology;obj_yearConstructed;obj_telekomInternetType;obj_galleryAd;obj_pricetrendbuy;obj_scoutId;obj_firingTypes;obj_hasKitchen;obj_ExclusiveExpose;obj_telekomInternetProductName;obj_courtage;geo_bln;obj_cellar;obj_purchasePriceRange;obj_yearConstructedRange;obj_rentSubsidy;obj_houseNumber;obj_energyType;obj_pricetrendrent;obj_livingSpace;geo_krs;obj_zipCode;obj_condition;obj_interiorQual;ga_cd_cxp_historicallisting;obj_telekomDownloadSpeed;obj_parkingSpace;obj_street;obj_lift;obj_telekomInternetUrlMobile;obj_telekomInternetUrl;obj_streetPlain;obj_typeOfFlat;geo_plz;obj_noRooms;obj_thermalChar;obj_assistedLiving;obj_lastRefurbish;obj_ityp;obj_telekomHdTelephone;geo_land;ga_cd_via;obj_telekomInternet;obj_immotype;obj_rented;obj_floor;obj_telekomInternetServices;obj_telekomInternetProductAvailable;obj_cwId;obj_purchasePrice;ga_cd_application_requirements;obj_numberOfFloors;obj_noRoomsRange;ga_cd_maillead_default_shown;obj_garden;evt_count_pm_sig;obj_barrierFree;obj_international;obj_regio3;obj_objectnumber;obj_livingSpaceRange;obj_regio2;URL;beschreibung;obj_usableArea;obj_groupnumber;obj_noParkSpaces;obj_energyEfficiencyClass;ga_cd_developer_virtualreality
2020-05-26 08:35:22.034583;Berlin;self_contained_central_heating;true;ONE_YEAR_FREE;5418748;n;y;https://pictures.immobilienscout24.de/listings/e62ec643-863f-4a7f-9c43-b186ec13d5bc-1367454599.jpg/ORIG/resize/118x118%3E/extent/118x118/format/jpg/quality/80;19;11.3;40 MBit/s;telekom_layer_magenta_l;über VDSL;1892;REGULAR;disabled;11.3;115947163;gas;n;false;MagentaZuhause L;y;Berlin;y;10;1;280;no_information;energy_consumption;5.73;113;Berlin;10627;refurbished;sophisticated;false;100 MBit/s;no_information;no_information;y;https://padlock.link/ioml;https://padlock.link/ml;no_information;apartment;10627;4;104;n;2019;2,active;true;Deutschland;premium;100 MBit/s;wohnung_kauf;n;3;web,email,bank,music,dl-ul,game,sd,mltstr,hd,fast-ul-dl;true;001.5418748;779000;profile0;5;4;true;n;showqualicontactform;n;n;Charlottenburg_Charlottenburg;1770;5;Berlin;/expose/115947163;['Das fünfgeschossige Wohn- und Geschäftshaus in der West-City Berlin, errichtet im Gründerzeitstil Ende des 19. Jahrhunderts, präsentiert sich nicht nur von außen in voller Altbaupracht.\r\n\r\nDurch den repräsentativen Eingangsbereich im Vorderhaus gelangen Besucher in den begrünten und gepflegten Innenhof zum Außenaufzug. Eine herrschaftliche Treppe führt zu den oberen Stockwerken in die frisch sanierte Altbauwohnung mit hohen Decken und alten Stilelemente.\r\n\r\nDie großzügige 4-Zimmer-Wohnung liegt in der 3. Etage des Vorderhauses und verfügt auf 113 m² Wohnfläche über ein großzügiges Wohnzimmer mit herrlichem Balkon, zwei Schlafzimmer, eine offene Küche mit großzügigem Essbereich und ein Badezimmer mit Badewanne und Dusche.\r\n\r\nDie Wohnung wurde komplett saniert und lässt den Altbau in neuem Charme erstrahlen. Sowohl die Wasser als auch die Stromleitungen wurden komplett erneuert, wodurch die Wohnung auf dem technisch neusten Stand ist. \r\n\r\nLassen auch Sie sich bei einer gemeinsamen Besichtigung von dieser Immobilie überzeugen. \r\n\r\nBesuchen Sie uns auch auf unserer Internetseite für weitere Informationen und Angebote: https://blacklabelimmobilien.de/', '- sanierte Altbauwohnung \r\n- Vorderhaus, 3. Etage \r\n- großzügiger Balkon \r\n- Altbauelemente vorhanden \r\n- hohen Decken \r\n- Dielenböden \r\n- Stuckverzierung \r\n- große Doppelkastenfenster \r\n- offene Küche mit großem Essbereich \r\n- Badezimmer mit Tageslicht, Badewanne und Dusche\r\n- Stiltypische Fassade \r\n- Herrschaftliches Wohn- und Geschäftshaus', 'Charlottenburg hat als Zentrum der West-City mit vielen exklusiven Geschäften, Restaurants und Bars eine erfrischende Wende erlebt und gilt als eine der beliebteste Wohnlagen der internationalen Metropole. \r\n\r\nZahlreiche Einkaufsmöglichkeiten sind durch die Fußgängerzone Wilmersdorf und die Kantstraße gegeben. Die umliegende Gegend ist familienfreundlich geprägt u. a. durch zahlreiche Kindergärten und Schulen, wie die internationale Nelson-Mandela-Schule und das Schiller-Gymnasium, aber auch durch Grünflächen um den Lietzensee und den Schlosspark Charlottenburg. \r\n\r\nDie optimal an das öffentliche Verkehrsnetz angebundene S-Bahn Charlottenburg ist in 5 Gehminuten erreichbar, die U-Bahn Station Bismarckstrasse mit Anschluss an die  U2 und U7 liegt 3 Gehminuten entfernt.', 'Das Team von Black Label Immobilien bietet Ihnen Unterstützung in allen Bereichen rund um den Kauf einer Immobilie. Unser internationales Team spricht fließend Englisch, Deutsch, Französisch und Mandarin, zudem arbeiten wir mit einem Team aus mehrsprachigen Anwälten, Notaren und Finanzierungsberatern zusammen.\r\nUm Ihren persönlichen Ansprüchen gerecht werden zu können, bieten wir Ihnen eine große Auswahl an verschiedenen Immobilien. Senden Sie uns einfach ihre Suchkriterien inklusive:\r\n\r\n- Art der gesuchten Immobilie\r\n- Ihr Budget\r\n- Bevorzugter Standort\r\n- Suchen Sie eine Immobilie als Investment oder zum Eigenbedarf?\r\n\r\nFür Unterstützung bei der Finanzierung Ihrer Immobilie vermitteln wir Ihnen gern einen Finanzierungspartner.\r\n\r\nSind Sie an einer Vermietung Ihrer neuen Immobilie interessiert? Hierfür bietet Black Label ein Verwaltungs-Paket sowohl für unmöblierte als auch möblierte Vermietungen, sowie einen kompletten Design- und Möblierungsservice, angepasst an ihre persönlichen Vorstellungen. Kontaktieren Sie uns, oder besuchen Sie uns in unserem Büro, um mehr Informationen zu erhalten.'];;;;;
2020-05-26 08:35:22.406935;Berlin;;;ONE_YEAR_FREE;16225148;n;y;https://pictures.immobilienscout24.de/listings/c22ab07c-eb8c-48e3-8e88-4792843dcbba-1358304080.jpg/ORIG/resize/118x118%3E/extent/118x118/format/jpg/quality/80;23;9.73;40 MBit/s;telekom_layer_magenta_l;über VDSL;1972;REGULAR;disabled;9.73;116548516;no_information;y;false;MagentaZuhause L;y;Berlin;n;9;3;;no_information;no_information;3.79;109;Berlin;14195;no_information;no_information;false;100 MBit/s;underground_garage;no_information;n;https://padlock.link/ioml;https://padlock.link/ml;no_information;maisonette;14195;4;;n;;2,active;true;Deutschland;standard;100 MBit/s;wohnung_kauf;n;;web,email,bank,music,dl-ul,game,sd,mltstr,hd,fast-ul-dl;true;001.15930480;645000;profile0;;4;true;n;showqualicontactform;n;n;Dahlem_Zehlendorf;781;5;Berlin;/expose/116548516;['Vis-a-vis zur Villa des Bundespräsidenten residieren !\n\nDas im typischen 70er Jahre Stil angelegte kleine charmante Mehrfamilienhaus verfügt über 10 vorwiegend selbstgenutzte Einheiten. Es wurde 1972 auf einem ca. 2.552 qm großen Grundstück erbaut und ist in seinem zeitgenössischen Erscheinungsbild gepflegt erhalten worden. Technisch und optisch ist dieses Anwesen in einem guten Zustand. Über die Tiefgarage, welche über 15 Stellplätze verfügt, gelangt man direkt zum Highlight dieses eleganten Anwesens. Der Wellnessbereich mit einem beheizten Indoor Pool mit den großzügigen Maßen von 5 x 12 m, sowie einer gemütlichen Sauna und ansprechenden Sanitäranlagen runden das Wohnerlebnis in diesem Haus ab. Dieser Bereich befindet sich im Untergeschoss und ist durch die Tiefgarage immer trockenen Fußes erreichbar. Zudem gibt es durch eine große Glasschiebetür einen direkten Zugang zu dem wunderschönen ruhigen Garten, welcher zum relaxen und erholen einlädt.\n\nDer sehr ansprechende Grundriss dieser großzügig geschnittenen 4 Zimmer Wohnung bietet viel Platz für Paare und auch Familien. Die Wohnung befindet sich im Hochparterre und wird unsaniert angeboten, sie bietet daher vielfältige Möglichkeiten sich seine ganz individuelle Wohnumgebung zu gestalten. \n\nSie besticht durch Ihren sehr durchdachten Grundriss und ihre Lage im Hochparterre. Nach nur wenigen Stufen erreichen Sie den Eingangsbereich, welcher sich in eine große Diele öffnet, die auch als Essbereich mit genutzt werden kann. Diese hat eine Wand aus Glasquadern, welche sehr viel Helligkeit in die Wohnung bringt. Es ist ein Parkettboden verlegt, welcher einen gelungenen Übergang zu den Fliesen in der Küche bietet. Eine klassische Küche mit Geräten ist verbaut, müßte aber sicher erneuert werden. \n\nDie ganze Wohnung ist durch Gitter, welche man innen vorziehen kann gesichert. Mit Blick zu dem parkähnlichen Garten liegt wunderschön das große, helle mit einer großen Glasfront ausgestattete Wohnzimmer. Auch hier ist Parkett verlegt. Man gelangt vom Wohnzimmer direkt auf den Balkon mit Blick auf die Villa des Bundespräsidenten und den schönen Garten. Ein kleiner Abstellraum bietet auch hier Komfort.\nSeparat liegen die 3 freundlichen, hellen Zimmer welche als Schlaf, Ankleide oder Kinderzimmer genutzt werden können. In diesen Bereich ist auch das großzügige hellgeflieste Badezimmer mit Fenster, und Badewanne integriert. Ein Gäste WC befindet sich im Eingangsbereich der Wohnung. \n\nVom Eingangsbereich erreicht man über eine Wendeltreppe nach unten den geräumigen Hobbyraum mit zusätzlichen 30 qm, die nicht in der Wohnfläche enthalten sind. In diesem Bereich ist auch ein Duschbad verbaut und mit dem Einbau einer kleinen Küchenzeile wäre es möglich aus dem Bereich eine separate Einliegerwohnung zu gestalten. Ein direkter Zugang über die Tiefgararge ist gegeben.\n\nDas Haus verfügt über einen gemeinschaftlich zu nutzenden Wasch- und Trockenraum. \n\nZum Objekt gehört ein Tiefgaragenstellplatz, der für € 25.000,00 separat zu erwerben ist. Weitere Stellplätze auf Anfrage.\n\nAuf dem Dach sind zur Energieunterstützung Sonnenkollektoren verbaut.', 'Ausstattung-Highlights auf einen Blick:\n\n- großzügiger Wohn- und Essbereich\n- Schlafbereich mit 3 Zimmern \n- Gäste-WC\n- ca. 30 qm großer Hobbyraum im Souterrain\n- Parkähnliches Grundstück\n- Swimmingpool und Sauna zur Gemeinschaftsnutzung\n- Tiefgaragenstellplatz mit beheizter Auffahrt', 'In einer der allerbesten Wohnlagen von Berlin befindet sich dieses exklusive kleine Mehrfamilienhaus. Es wurde 1977 von dem Architekten Gert Eckel direkt am beliebten Messelpark auf einem sehr schön begrünten Grundstück erbaut. Der Park beginnt an der Clayallee in Schmargendorf und setzt sich bis in den Bezirk Steglitz -Zehlendorf fort. Er ist sehr naturbelassen und waldartig und hat daher einen ganz besonderen Charme. Ein Paradies für Familien und Freizeitsportler, welche gerne an der frischen Luft Ihren Aktivitäten nachgehen. \n\nIm direkten Umfeld des Hauses stehen klassische Villen, sehr hochwertige Einfamilienhäuser und exklusive Wohnanlagen, welche einen perfekten Rahmen bieten. Hochrangige Persönlichkeiten des öffentlichen Lebens residieren in dieser schönen Villenlage. Dahlem bietet für alle eine hervorragende Infrastruktur mit einem umfangreichen Erholungs- und Freizeitangebot. Die Erich-Kästner Grundschule und das Arndt Gymnasium befinden sich im nahen Umfeld, so dass auch Familien hier ein perfektes Umfeld vorfinden.\n\nEinkaufsmöglichkeiten bietet diese Gegend mit Dahlem und dem Roseneck in vielfältiger Weise. Der Kurfürstendamm und die Schloßstraße in Steglitz sind sowohl mit den öffentlichen Verkehrsmitteln, als auch mit dem eigenen Fahrzeug in kurzer Zeit zu erreichen. Es kann nach Herzenslust geshoppt werden. Auch Geschäftsleute haben in der tollen Lage dieses Objektes eine hervorragende Ausgangslage. \nDie Innenstadt und auch die Flughäfen und Bahnhöfe sind mit dem Auto oder öffentlichen Verkehrsmitteln sehr schnell zu erreichen.\nLast but not least bietet auch der nahegelegene Grunewald ein fantastisches Naherholungsgebiet für Spaziergänge und bunte Wochenendaktivitäten.'];31;;;;
2020-05-26 08:35:22.747073;Berlin;floor_heating;;ONE_YEAR_FREE;13057385;y;y;https://pictures.immobilienscout24.de/listings/1dfe69f1-ffbd-4214-8ef4-0d99350434ee-1369293979.jpg/ORIG/resize/118x118%3E/extent/118x118/format/jpg/quality/80;12;10.87;40 MBit/s;telekom_layer_magenta_l;über VDSL;2019;REGULAR;;10.87;116646211;gas;n;false;MagentaZuhause L;y;Berlin;n;10;9;300;77;energy_required;5.63;148;Berlin;12159;first_time_use;no_information;false;100 MBit/s;no_information;Hauptstr.;n;https://padlock.link/ioml;https://padlock.link/ml;Hauptstr.;penthouse;12159;4;140;n;;2,active;true;Deutschland;top;100 MBit/s;wohnung_kauf;n;4;web,email,bank,music,dl-ul,game,sd,mltstr,hd,fast-ul-dl;true;001.13057385;849000;profile0;5;4;true;n;showqualicontactform;n;n;Friedenau_Schöneberg;9263;6;Berlin;/expose/116646211;['Das Dachgeschoss im ruhigen Innenhof eines Gründerzeitaltbaus wird komplett neu erreichtet. \nAuf ein bestehendes Altbaugebäude integriert vereint sich der Charme der Vergangenheit mit dem neuen Glanz der Gegenwart.\nEine großzügige Wohnküche mit großen Fenster geben den Räumen Anmut und Helligkeit. Auch der Ausstattung gebührt ein DICKES Plus. Dazu gehören Fußbodenheizung, zeitgemäße Architektur, moderne Grundrisse zum Standard. \nBei der Gestaltung der Grundrisse steht Ihre persönliche Lebenssituation im Vordergrund. Sie selber entscheiden mit!\n\nDas Haus wird derzeit umfassend modernisiert. Im Vorderhaus werden  die Dächer erneuert, daran anschließend werden die Fassade des Innenhofes, des Gemeinschafteigentums saniert. Die Gemeinschaft hat in 2016 ein umfassendes Sanierungskonzept beschlossen. \n\nDie Fertigstellung ist im Frühjahr 2021 geplant.', '+ 5 Zimmer\n\n+ Grundrissänderung möglich (aktuell 1 oder 2 Wohnungen geplant da 2 Grundbücher)\n\n+ Qualitäts-Parkett Ihrer Wahl gem. Musterkatalog \n\n+ großer Wohn-, Koch- & Essbereich \n\n+ hochwertige Ausstattung in den Bädern Ihrer Wahl gem. Musterkatalog\n\n+ modernste Haus- und Kommunikationstechnik \n\n+ Fußbodenheizung\n\n+ Kamin möglich\n\n+ Fernwärme \n\n+ 2 Terrassen\n\n+ Abstellkammer', 'Friedenau als Ortsteil im Bezirk Tempelhof-Schöneberg ist für jeden Berliner oder Berlin Besucher ein echter Geheimtipp, die trotz zentrumsnähe in Berlin leben wollen und gleichzeitig ruhig und beschaulich mögen. Friedenau bietet eine Vielzahl von großflächigen Parkanlagen, die sowohl zum Entspannen aber auch zu sportliche Tätigkeiten einladen. Der große Volkspark Wilmersdorf ist von ihrer Wohnung mit einem kurzen Fußweg zu erreichen. Das Schöne an Friedenau sind neben den Shoppingmöglichkeiten auch die große Auswahl an Cafés und Restaurants. Die Rhein- und die aus Monopoly bekannte Schloßstraße laden zum Einkaufbummel ein. Die Anbindung an den ÖPNV ist mit den S –Bahnhöfen Friedenau oder Innsbrucker Platz sowie den U-Bahnstationen Friedrich-Wilhelm-Platz oder Innsbrucker Platz mehr als gegeben. Es fahren für sie die Linien (S 1, S 2, S 41, S 42, S 45, S 47 sowie U 1, U 2, U 3, U 4, U 7, U 9) In nur einem Kilometer Entfernung ist auch schon ein Zubringer für die Stadtautobahn A 100 (Innsbrucker Platz).Trotz der zentralen Lage, ist die Wohnung angenehm ruhig. An vielen Stellen strahlt Friedenau noch den Charme einer längst vergangenen Epoche aus. Wunderschöne Häuser aus dem späten 19. Jahrhundert mit ihren liebevoll bepflanzten Vorgärten sind das gemütliche Bild von Friedenau. Nicht umsonst wird der Bezirk Friedenau auch als Lunge von Berlin bezeichnet.  \n\n', 'Liebe Kunden, unser Immobilienbüro erreichen Sie wie folgt: Montag bis Freitag von 10 bis 18 Uhr\n\nIhr persönlicher Ansprechpartner für diese Immobilie ist:\nFrau Simone App Mobil unter 0176-93 16 16 86 zu erreichen. \n\nGerne vereinbaren wir einen Besichtigungstermin- auch am Wochenende mit Ihnen und stehen für Fragen zur Verfügung.\nWeitere Immobilienangebote finden Sie unter: www.goldschwarz.de\n\nDie Informationen zu unseren Immobilienangeboten erhalten wir vom Eigentümer bzw. den in den Inseraten genannten Stellen. Für deren Richtigkeit übernehmen wir keine Haftung.Sämtliche Angebote sind freibleibend, ein Zwischenverkauf bleibt vorbehalten. Verbindliche Zusagen bedürfen zu ihrer Wirksamkeit der Schriftform.\nUnverbindliche Visualisierungen. Alle Angaben ohne Gewähr.'];;5;;;
2020-05-26 08:35:23.402310;Berlin;central_heating;;ONE_YEAR_FREE;213082;n;y;https://pictures.immobilienscout24.de/listings/2bb60064-df33-4f05-a838-cf6f3c64f29c-1359278669.jpg/ORIG/resize/118x118%3E/extent/118x118/format/jpg/quality/80;6;12.78;40 MBit/s;telekom_layer_magenta_l;über VDSL;1919;REGULAR;;12.78;115988179;gas;n;false;MagentaZuhause L;y;Berlin;y;9;1;410.37;73;energy_consumption;7.25;144.58;Berlin;10555;well_kept;normal;false;100 MBit/s;no_information;Alt-Moabit;n;https://padlock.link/ioml;https://padlock.link/ml;Alt-Moabit;apartment;10555;5;129;n;;2,active;true;Deutschland;standard;100 MBit/s;wohnung_kauf;n;1;web,email,bank,music,dl-ul,game,sd,mltstr,hd,fast-ul-dl;true;001.213082;668975;profile0;6;5;true;n;;n;n;Tiergarten_Tiergarten;rwi7586;6;Berlin;/expose/115988179;['Es handelt sich bei diesem Objekt um einen Altbau aus dem Jahre 1919 in einem, für diese Zeit typischen, Mix aus Wohnungen und Gewerbe. So findet man hier ein Vorderhaus mit 2 Seitenflügeln und einem Hinterhaus, die den 1. Innenhof umschließen. Hier gibt es Wohnungen und im EG Gewerbeflächen. Errichtet wurden ein Erdgeschoss, 4 Obergeschosse und ein teilweise ausgebautes Dach mit Terrassen. An der Straßenseite des Vorderhauses gibt es Balkone, die anderen Gebäudeteile haben zumeist einen französischen Balkon. \r\rDanach folgt ein 2. Hof und dahinter ein ehemaliges Fabrikgebäude das gewerblich genutzt wird. Dieses ist bereits vollständig verkauft. ', 'Diese Wohnung ist seit 2016 als Büro vermietet und befindet sich im 1. OG des Vorderhauses. Es verfügt neben einem großen Durchgangszimmer über 4 weitere Büroräume, einer Küche, 2 getrennte WCs und 2 Abstellkammern. Ein Zimmer hat einen Balkon, ein weiteres einen Erker. Diese Einheit hat den klassischen Schnitt einer Altbauwohnung, der nur im Sanitärbereich auf die Bürosituation angepasst wurde. Die typischen charakteristischen Merkmale eines Altbaus aus der Gründerzeit sind bewahrt worden. \r\rDas Büro wird vermietet als Kapitalanlage angeboten mit aktuell 3,3% Rendite, und hat einen Gewerbemietvertrag aktuell bis zum 30.11.2021. In der Teilungserklärung ist diese Einheit nun als Wohnung ausgewiesen, eine Nutzung zu Eigenbedarfszwecken (als Wohnung) ist nach Ablauf der Mietzeit möglich.\r\rWeitere Details auf Anfrage. ', 'Berlin-Tiergarten-Mitte - Unterhalb der Turmstraße zwischen Spree und Ottopark gelegen. Von hier aus gelangt man schnell in die Innenstadt, zur Universität und auch zum Reichstag. \rDie Straße Alt-Moabit ist die nach der Turmstraße zweitwichtigste und wohl lebendigste Geschäftsstraße Moabits. Die zentrale Lage bietet zwar keine Ruhe wie in ländlicher Abgeschiedenheit, aber durch diese sind zum Beispiel sämtliche Einkäufe fußläufig zu erledigen, und auch Busse und die U-Bahnlinie U9 schnell erreicht. Die größtenteils sanierten hübschen Jugendstilbauten in der Umgebung bieten eine sehr angenehme Wohnlage, und das Bundestagsufer in der Nähe einen tollen Spreeblick zur Naherholung.', 'Der Käufer hat bei Abschluss des Kaufvertrages eine Provision in Höhe von 7,14 % inkl. Mehrwertsteuer vom Kaufpreis an uns zu zahlen. Verdient und fällig bei Beurkundung. Alle Angaben sind ohne Gewähr und nach den Unterlagen des Eigentümers erstellt. Irrtümer und Änderungen vorbehalten. Bei aller Sorgfalt können wir keine Garantie dafür übernehmen, dass alle Angaben richtig sind, und das Objekt im Augenblick des Zugangs der Offerte noch verfügbar ist. \r\rBei Anfragen bitten wir um vollständige Absenderangaben. \r\rGerne zeigen wir Ihnen das Objekt, und freuen uns auf einen persönlichen Termin mit Ihnen. \r\rSie erreichen uns wie folgt:\rRüdiger Wilkanowski Immobilien\rIn Kooperation mit:\r\rJohannes Rudert Immobilien\rTelefon: 0174-9542360\rFax: 030 / 85605613\r\rGerne zeigen wir Ihnen das Objekt, und freuen uns auf einen persönlichen Termin mit Ihnen. \r\rWeitere interessante Angebote finden Sie auch im Internet unter www.wilkanowski-immobilien.de.\r\rSie wollen Ihre Immobilie verkaufen ?\r \rWir suchen im Stadtgebiet von Berlin Immobilien (freie Eigentumswohnungen, Mehrfamilienhäuser und Einfamilienhäuser). Sprechen sie uns gerne an oder vereinbaren Sie einen persönlichen Termin mit uns: 030-85605612.'];;2001;;;
2020-05-26 08:35:23.840771;Berlin;district_heating;;ONE_YEAR_FREE;18511895;n;y;https://pictures.immobilienscout24.de/listings/dc496c8f-f54c-4379-a4fc-b1e5a05b588d-1355116413.jpg/ORIG/resize/118x118%3E/extent/118x118/format/jpg/quality/80;8;12.24;40 MBit/s;telekom_layer_magenta_l;über VDSL;1930;REGULAR;;12.24;114536650;district_heating;n;false;MagentaZuhause L;n;Berlin;y;6;1;;2;;6.59;110;Berlin;12157;first_time_use;luxury;false;100 MBit/s;no_information;"Beckerstra&szlig;e";y;https://padlock.link/ioml;https://padlock.link/ml;Beckerstraße;roof_storey;12157;3.5;;n;2020;2,active;true;Deutschland;standard;100 MBit/s;wohnung_kauf;n;4;web,email,bank,music,dl-ul,game,sd,mltstr,hd,fast-ul-dl;true;009.c1f40f30-a3ff-4b07-85c3-2a22f7b43410;295000;profile0;4;3;true;y;showqualicontactform;y;n;Schöneberg_Schöneberg;b69d223a-8178-4153-9424-e7b7e6ea490c;5;Berlin;/expose/114536650;['Das Haus befindet sich in einer erstklassigen, ruhigen und dennoch zentralen Wohngegend von Berlin-Friedenau.\nDas Dachgeschoss befindet sich im ruhigen Hinterhaus.\nDas moderne Vorderhaus wurde neu gebaut und schließt das Grundstück geschmackvoll zur Straße hin ab. Dabei wurde auch der Innenhof neugestaltet und bietet eine gepflegte Rasenfläche und einen kleinen Spielbereich für Kinder.\nLinks neben dem Gebäude befindet sich anschließend weder Vorder-noch Hinterhaus.\nSomit hat man einen schönen weiten Blick.\n\nDas Dachgeschoss bietet eine Bruttofläche von 109 m2.\nEs wurde mit Baugenehmigung gekauft. Diese ist abgelaufen, kann aber neu beantragt werden.\nAlle Unterlagen werden selbstverständlich beim Kauf übergeben, damit das Bauvorhaben ungehindert stattfindet kann.\nIn der Teilungserklärung haben alle Eigentümer Ihre Zustimmung zu jeglichen Umbaumaßnahmen bereits erteilt, die Genehmigungsfähig sind, wie ein Aufzug.\n\nWir verkaufen das Dachgeschoss, weil es durch unsere Familienplanung zu klein geworden ist.\nDieses Objekt wird Privat verkauft ohne Provision\n\nBitte senden Sie uns eine Mail, wir beantworten alle Ihre Fragen, gerne dann auch Telefonisch oder bei einer Besichtigung\n\nBitte keine Markleranfragen.\n', '3 min vom S Bahnhof Friedenau, Schlosstrasse ', 'Aufzug und Kamin'];;;;;
2020-05-26 08:35:24.241429;Berlin;district_heating;;ONE_YEAR_FREE;16698913;n;y;https://pictures.immobilienscout24.de/listings/80f478c0-d31f-4fb9-a8b4-60b01331bbdf-1352738645.jpg/ORIG/resize/118x118%3E/extent/118x118/format/jpg/quality/80;8;11.3;40 MBit/s;telekom_layer_magenta_l;über VDSL;1900;REGULAR;;11.3;115964065;no_information;n;false;MagentaZuhause L;y;Berlin;y;10;1;690;no_information;;5.73;153;Berlin;14057;need_of_renovation;normal;false;100 MBit/s;no_information;no_information;n;https://padlock.link/ioml;https://padlock.link/ml;no_information;ground_floor;14057;5;;n;2007;2,active;true;Deutschland;top;100 MBit/s;wohnung_kauf;n;;web,email,bank,music,dl-ul,game,sd,mltstr,hd,fast-ul-dl;true;002.01002700146;830000;profile0;5;5;true;n;;n;n;Charlottenburg_Charlottenburg;115964065;7;Berlin;/expose/115964065;['Die helle und großzügige Wohnung liegt im Erdgeschoss eines gepflegten Mehrfamilienhauses. Die Wohnräume sind nach Süden ausgerichtet, die Schlafräume nach Osten. Der Schnitt macht die Wohnung sowohl für Paare, die eine Großzügigkeit wünschen, als auch für Familien, die 2-3 Kinderzimmer möchten, interessant. Der nach Süden liegende Teil der Wohnung umfasst eine Diele, ein Gäste-WC, zwei nebeneinander liegende Wohnräume, die mit einer Schiebetür verbunden sind sowie eine großzügige Wohnküche. Von einem geräumigen Flur gehen 1 Bad, 1 großes WC, das sich als zweites Bad ausbauen lässt, sowie 2 weitere Räume ab. Der eine ca. 38 qm große Raum lässt sich problemlos wieder in zwei aufteilen. Die Raumhöhe von ca. 3,80 m erlaubt verschiedene Einbauten wie Hängeböden oder Hochbetten. Das Besondere dieser Wohnung ist die Verbindung des Charmes eines Altbaus und einer Raumaufteilung, die modernen Wohnansprüchen entspricht.', 'Wunderschöne bauzeitliche Details fallen dem Betrachter sofort ins Auge. Originale Schiebetüren und Art Deco Türbeschläge, gut erhaltener Parkett- bzw. Dielenboden sowie teilweise Stuckdecken geben den Räumen einen unverwechselbaren Charakter. Die Wohnung ist gepflegt, aber renovierungsbedürftig. Die Bäder sind weiß gefliest. Das Gäste-WC wurde erst vor ein paar Jahren neu gemacht.', 'Das Objekt liegt in einer ruhigen Anwohnerstraße in einem stark nachgefragten Wohn-Kiez. Die Infrastruktur und Verkehrsanbindung sind hervorragend. Der in 3 Minuten Gehzeit erreichbare Lietzensee bietet Naherholung vor der Tür. Fußläufig sind in der Umgebung charmante Cafés, Restaurants und individuelle Geschäfte erreichbar.', 'Zur Wohnung gehört ein geräumiges, trockenes Kellerabteil. Zum Haus gehören ein Fahrradkeller sowie ein begrünter Innenhof.'];15;;;;
2020-05-26 08:35:24.779275;Berlin;central_heating;;ONE_YEAR_FREE;15485505;n;y;https://pictures.immobilienscout24.de/listings/36e4a07e-f7c2-40bb-9dd7-4694c9f87669-1354744153.jpg/ORIG/resize/118x118%3E/extent/118x118/format/jpg/quality/80;10;7.89;40 MBit/s;telekom_layer_magenta_l;über VDSL;1973;REGULAR;disabled;7.89;116231486;oil;n;true;MagentaZuhause L;y;Berlin;n;10;3;519.71;no_information;energy_consumption;3.38;137.42;Berlin;14193;need_of_renovation;no_information;false;100 MBit/s;garage;no_information;n;https://padlock.link/ioml;https://padlock.link/ml;no_information;raised_ground_floor;14193;5;180;n;;2,active;true;Deutschland;standard;100 MBit/s;wohnung_kauf;n;1;web,email,bank,music,dl-ul,game,sd,mltstr,hd,fast-ul-dl;true;002.01002710613;800000;profile0;3;5;true;n;showqualicontactform;n;n;Grunewald_Wilmersdorf;DKJF44320;6;Berlin;/expose/116231486;['Die zum Verkauf stehende Wohnung befindet sich in einem 8-Parteien-Haus mit 2 Aufgängen. Sie erstreckt sich über das Hochparterre und das Untergeschoss. \nIm Hochparterre befinden sich die Diele, ein Gäste-WC, die Küche, ein Bad mit Wanne und Dusche sowie drei Wohn-Schlafräume. Die überdachte Terrasse ist 11,9 m² groß. Sie hat einen direkten Zugang zum gemeinschaftlich genutzten Garten.\nIm Untergeschoss, welches über eine breite Treppe bequem zu erreichen ist, befinden sich 2 weitere Räume und ein Duschbad mit Fenster.\nDie Wohnung muss inklusive Neuverlegung der Elektrik  komplett renoviert werden.\nIm Kaufpreis enthalten ist eine Garage mit einer Grundfläche von 15,18 m².\n\nDen Wohnungseigentümern stehen zudem eine Waschküche und eine Sauna, welche sich im Keller befinden, zur gemeinschaftlichen Nutzung zur Verfügung.\n\nDer Energieausweis vom 10.04.2018 weist einen Energieverbrauch von 180,00  kWh/(m²a) aus.', '-2 Wohnebenen\n-2 Bäder, ein Gäste-WC\n-Terrasse\n-Gartennutzung\n-Garage', 'Grunewald zählt zu den besten Wohnlagen Berlins. Altehrwürdige Villen, gepflegte Gärten und baumgesäumte Straßen bestimmen das Bild. Neben Ruhe und Exklusivität sorgt die Nähe zur Natur für eine hohe Lebensqualität. Namensgeber für diesen Stadtteil ist der Grunewalder Forst, das größte Waldgebiet von Berlin. Mehrere Seen, der Grunewaldturm und das  Jagd-schloss Grunewald sind beliebte Ausflugsziele.\n\nAm Roseneck und dem Hagenplatz haben Sie neben guten Einkaufsmöglichkeiten für den täglichen Bedarf und verschiedenen Dienstleistungsangeboten auch eine Vielzahl von Restau-rants und Cafés. Diverse exklusive Tennisclubs, Reitvereine, Sport- und Golfclubs befinden sich in der Nähe.\n\nEin echter Lagevorteil ist die Nähe zur City West, die in den letzten Jahren eine erstaunliche Renaissance erfahren hat. Der Kurfürstendamm mit zahlreichen Designerboutiquen, dem Bi-kini-Haus und dem Waldorf Astoria zeigt sich in neuem Glanz. Im berühmten KaDeWe kann man nach Jahren des Umbaus wieder exklusiv shoppen und genießen.', 'WIR SIND IHR PARTNER RUND UM DIE IMMOBILIE.\n\nWAS IST IHRE IMMOBILIE WERT?\nWir bieten Eigentümern eine fachkundige und individuelle Beratung und Bewertung ihrer Immobilien in Berlin, Potsdam und Umland – professionell, unverbindlich, kostenfrei. Sprechen Sie uns an.\n\nIMMOBILIENVERKAUF\nWir vermitteln mit fundierter Marktwerteinschätzung und verkäuferischem Sachverstand Wohn- und Geschäftsimmobilien, Häuser, Grundstücke und Eigentumswohnungen.\n\nFür Ihr persönliches Informationsgespräch erreichen Sie uns unter 030 – 270 17 68 88.\n\nMit Ihrer Anfrage werden Ihre Kontaktdaten an uns übermittelt. Um Ihr Anliegen zu bearbeiten, werden Ihre Daten durch uns erfasst und digital gespeichert. Weitere Informationen zum Thema Datenschutz finden Sie auf unserer Homepage.\n\nMitglied im Immobilienverband Deutschland - IVD'];15.18;;1;F;
2020-05-26 08:35:25.157347;Berlin;district_heating;;ONE_YEAR_FREE;15681940;n;y;https://pictures.immobilienscout24.de/listings/da9e56da-2a77-487a-b69d-7db8aca112f2-1364858984.jpg/ORIG/resize/118x118%3E/extent/118x118/format/jpg/quality/80;16;11.37;40 MBit/s;telekom_layer_magenta_l;über VDSL;1986;REGULAR;;11.37;115633742;geothermal;n;false;MagentaZuhause L;y;Berlin;y;9;4;410.82;no_information;energy_consumption;5.8;110.2;Berlin;10719;no_information;no_information;false;100 MBit/s;no_information;no_information;y;https://padlock.link/ioml;https://padlock.link/ml;no_information;apartment;10719;4;130.1;n;;2,active;true;Deutschland;standard;100 MBit/s;wohnung_kauf;n;3;web,email,bank,music,dl-ul,game,sd,mltstr,hd,fast-ul-dl;true;002.01002869861;715000;profile0;7;4;true;n;showqualicontactform;y;n;Wilmersdorf_Wilmersdorf;115633742;5;Berlin;/expose/115633742;['Die Wohnung befindet sich in einem sehr gepflegten Mehrfamilienhaus aus den 80er Jahren, welches unter Denkmalschutz steht. Ein Fahrstuhl ist vorhanden. Die 110 qm große 4- Zimmer Wohnung mit Balkon, ist gut geschnitten und besticht durch Ihre Helligkeit. Die Wohnung ist mit Parkettboden versehen. Ein Keller ist vorhanden. Ein Tiefgagargenstellplatz kann auf Anfrage mit dazu erworben werden. Weitere Unterlagen, erhalten Sie bei telefonischer Anfrage 0177- 36 36 992', 'Die Wohnung befindet sich direkt im Herzen der City West, nahe der berühmten Flaniermeile, dem Kurfürstendamm. Umgeben von feinsten Shopping-Adressen, ausgezeichneter Gastronomie, sowie von vielfältigen Geschäften für den täglichen Bedarf, besticht die Immobilie durch ihre zentrale Lage. Auch die Verkehrsanbindung ist optimal.', 'Bei Fragen oder zwecks Besichtigungstermin, erreichen Sie mich unter der 0177-36 36992'];;90;1;NO_INFORMATION;
2020-05-26 08:35:25.576078;Berlin;central_heating;;ONE_YEAR_FREE;164338;n;y;https://pictures.immobilienscout24.de/listings/197fb48a-7ca3-4727-8625-1fe465f8468e-1357034123.jpg/ORIG/resize/118x118%3E/extent/118x118/format/jpg/quality/80;9;11.37;40 MBit/s;telekom_layer_magenta_l;über VDSL;1991;REGULAR;;11.37;116325604;gas;n;false;MagentaZuhause L;y;Berlin;n;10;5;;no_information;energy_required;5.8;144;Berlin;10713;well_kept;simple;false;100 MBit/s;no_information;no_information;y;https://padlock.link/ioml;https://padlock.link/ml;no_information;apartment;10713;3.5;113;n;;2,active;true;Deutschland;top;100 MBit/s;wohnung_kauf;n;;web,email,bank,music,dl-ul,game,sd,mltstr,hd,fast-ul-dl;true;001.164338;799000;profile0;;3;true;n;showqualicontactform;n;n;Wilmersdorf_Wilmersdorf;AIB12828;6;Berlin;/expose/116325604;"['Es handelt sich um eine 3,5-Zimmer-Dachmaisonette-Wohnung mit ca. 144 qm großzügiger Wohnfläche, gelegen im Dachgeschoß und Galeriegeschoß, welche im Jahre 1991 auf einem stilvollen Altbau aus dem Jahre 1912 errichtet wurde. \r\rDie Wohnung verfügt in der Dachgeschoßebene über eine großzügige Diele, ein modernes Badezimmer, ein modernes Kinderzimmer, ein kleines Kinder-/Arbeitszimmer, eine stilvolle Küche, ein großzügiges Wohn- und Speisezimmer mit Zugang zur großen Rooftop-Terrasse mit einem 360° Weitblick. Die Galerieebene verfügt zudem über ein modernes Badezimmer sowie ein erstklassiges Schlafzimmer mit Zugang zum Übergang zur Terrasse.\r\rDie Wohnung befindet sich in einem technisch einwandfreien Gesamtzustand. Es besteht leichter Modernisierungsbedarf bei der Innenausstattung und normaler Modernisierungsbedarf bei Küche & Bädern. Das Wohnzimmer wurde 2001 vollständig modernisiert. \rZu den besonderen Ausstattungsmerkmalen gehören: eine 75 qm-Dachterrasse, Parkettfußböden sowie eine Einbauküche.\r\rDie Wohnflächenberechnung verteilt sich wie folgt: \r-100 qm Wohnfläche im Dachgeschoß, \r-25 qm Wohnfläche im Galeriegeschoß \r-19 qm anrechenbare Wohnfläche der Dachterrasse ( 25 % von 75 qm Dachterrasse ) \r\rEin Aufzug bis ins Dachgeschoss mit halber Treppe ist vorhanden. Ein Stellplatz könnte eventuell für 40 € gemietet werden.\rDie Heizungs- & Warmwasserversorgung erfolgt über Fernwärme. Das aktuelle Hausgeld beträgt monatlich ca. 540,-€. \rDer Energieverbrauch beträgt 113 kWh/(qm∙a).\rWeitere Details teilen wir Ihnen gerne auf Anfrage mit.', 'Eine erstklassige Adresse in begehrter Lage von Wilmersdorf gelegen.', 'Unser Service für Eigentümer\rWir stehen Ihnen bei dem Verkauf Ihrer Immobilie vom Anfang bis zum fertigen Abschluss diskret und kompetent zur Verfügung. \rJeder Schritt erfolgt nach Absprache mit Ihnen. \rSie entscheiden über die Verkaufsstrategie Ihres Objektes, ob diskret und ""off-market"" oder eine qualifizierte Vermarktung in Print- sowie Onlinemedien. \rWir verfügen immer über den richtigen Käufer. \rZudem bewerten wir Ihre Immobilie kostenfrei, entsprechend dem aktuellen Marktwert.\rGerne beraten wir Sie kostenlos persönlich in unserem Büro, per Telefon oder per E-Mail!\rWir freuen uns von Ihnen zu hören!\rwww.immo-boerse.com']";;;;;
2020-05-26 08:35:25.988063;Berlin;central_heating;;ONE_YEAR_FREE;371010;n;y;https://pictures.immobilienscout24.de/listings/d8635684-6abd-4a54-9ec6-d08cf419b737-1349763854.jpg/ORIG/resize/118x118%3E/extent/118x118/format/jpg/quality/80;12;12.7;40 MBit/s;telekom_layer_magenta_l;über VDSL;1919;REGULAR;;12.7;115641707;gas;n;false;MagentaZuhause L;y;Berlin;n;9;1;;no_information;energy_consumption;7.58;122;Berlin;10555;no_information;no_information;false;100 MBit/s;no_information;no_information;y;https://padlock.link/ioml;https://padlock.link/ml;no_information;apartment;10555;4;129;n;;2,active;true;Deutschland;standard;100 MBit/s;wohnung_kauf;n;;web,email,bank,music,dl-ul,game,sd,mltstr,hd,fast-ul-dl;true;001.371010;549000;profile0;6;4;true;n;showqualicontactform;n;n;Tiergarten_Tiergarten;121;6;Berlin;/expose/115641707;"['Klasse Haus, tolle Wohnung. Hell, großzügig, mit Balkon und Aufzug.\nSchöne zentrale Lage. Ideale Wohnungsvorsorge. \nDie Wohnung hat typische Altbaudetails wie hohe Decken, Stuck und Holzböden. \nGut vermietet als Kapitalanlage oder für später zum Selbstbewohnen.\n\n\n\n\n\n\n\n\n\n\n\n.', 'Saniertes historisches Fabrikgebäude\nLoftarchitektur trifft hier auf moderne Bürowelten\nModerner, offener Eingangsbereich\nLastenaufzug / Aufzug\n\nGegensprechanlage\nNiedrige Betriebskosten durch modernste Haustechnik\nOptimiertes Facility Management', 'Schöne Lage in Moabit.\nDer sozial intakte und lebendige Kiez Alt-Moabit wird seit der Wende mit neuer Kraft aus Kultur, Wissenschaft und Wirtschaft befruchtet. Eine sehr gute Nahversorgung mit vielen, auch hochwertigen Geschäften und gastronomischen Einrichtungen, grünen Erholungsbereichen, mit Spreeanbindung und einer quirligen Kulturszene sorgen für eine sehr lebenswerte und angenehme Mischung.\nDer Markt hat diese Standortqualitäten seit geraumer Zeit entdeckt: In der Gotzkowskystrasse sind hochwertige Luxusappartements vom In-Büro Graft (""Brad Pitt"") gestaltet worden. \n1,5 km zum Ernst Reuter Platz\n0,7 km zur U Bahn Turmstrasse.', 'Zusammenfassung:\nStatus:           Vermietet\nLage              VH 4 OG\nm2                  122\nZimmer              4\nNKM:                 €1.022,08\nBetriebskosten  €   135,42\nHeizkosten        €   189,05\nGesamtmiete:   € 1.346,55\n----------------------------------\nWohngeld:        €   352,04\n\nIrrtümer und Änderungen vorbehalten.\nAlle Angaben entstammen den Informationen des Eigentümers. Bei aller Sorgfalt können wir keine Garantie dafür übernehmen, dass alle Angaben richtig sind und das Objekt im Augenblick des Zugangs der Offerte noch verfügbar ist.\nAlle Flächen sind ca. Angaben.\nAlle Verkaufspreise zzgl. 5,95 % Maklerprovision.\n\nSiehe unsere AGB´s und die Widerrufsbelehrung für Verbraucher.']";;;;;
2020-05-26 08:35:26.434286;Berlin;central_heating;;ONE_YEAR_FREE;16996761;n;y;https://pictures.immobilienscout24.de/listings/2d3f4600-2046-44d0-9a25-271f1c3de409-1354575012.jpg/ORIG/resize/118x118%3E/extent/118x118/format/jpg/quality/80;43;12.24;40 MBit/s;telekom_layer_magenta_l;über VDSL;1894;REGULAR;;12.24;116201047;oil;n;false;MagentaZuhause L;y;Berlin;y;9;1;280.32;3;energy_consumption;6.53;238.97;Berlin;10823;well_kept;normal;false;100 MBit/s;no_information;"Klixstra&szlig;e";n;https://padlock.link/ioml;https://padlock.link/ml;Klixstraße;roof_storey;10823;8;125.8;n;2011;2,active;true;Deutschland;top;100 MBit/s;wohnung_kauf;n;4;web,email,bank,music,dl-ul,game,sd,mltstr,hd,fast-ul-dl;true;002.01007786323;658000;profile0;5;5;true;n;showqualicontactform;n;n;Schöneberg_Schöneberg;A03WE23_TE26;7;Berlin;/expose/116201047;['Es handelt sich hierbei um eine wunderschöne Gründerzeit-Altbauwohnung sowie einem Dachgeschossrohling in einem der am besten erhaltenen Häusern in Schöneberg. Die Wohnung bzw. der Dachgeschossling im Gartenhaus befinden sich im 4.OB bzw. 5.OG des linken Seitenflügels bzw. Gartenhauses. Die Einheiten können mitels Treppe zusammengegt werden. Das denkmalgeschützte Gebäude (Baujahr 1894) unterscheidet sich von vielen anderen Häusern dadurch, dass auch der Seitenflügel und das Gartenhaus im gleichen Stil hergerichtet sind wie das Vorderhaus. Der Eingangsbereich sowie das Treppenhaus sind edel ausgestattet und unterstreichen das gesamte Erscheinungsbild des Gebäudes. Die Höfe werden liebevoll gepflegt und sind begrünt.', 'Die Einheitem WE23 und Te26 befindet sich in einem wunderschönen Stuckaltbau bzw. Dachgeschossrohling aus der Gründerzeit. Ausgestattet ist die Wohnung mit Parkett, Holzdielen bzw. Fischgrätenparkett, Stuckelementen, schönen Altbautüren und einer herrlichen Loggia. Die Wohnung verfügt über 2 sehr geräumige Zimmer, einem Bad mit WC, einer Küche und einem kleinen Flur. Der Dachgeschossrohling sämtlich mögliche Ideen zur Umsetzung. Es besteht keine direkte Nachbarschaftsbebauung.', 'Das Objekt Klixstraße 3 befindet sich unweit dem U-Bhf. Eisenacher Straße. Fußläufig zu erreichen ist der Heinrich von Kleist Park und der Volkspark Schöneberg-Wilmersdorf mit sehr guter Anbindung an Bus, S-Bahn und U-Bahn. Die Gegend ist hervorragend ausgestattet mit Restaurants, Cafés und Einkaufsmöglichkeiten, die man alle in nur wenigen Gehminuten erreicht.', 'Besichtigungstermine sind nach vorheriger Absprache jederzeit möglich.'];340.62;;;;
2020-05-26 08:35:26.779026;Berlin;district_heating;;ONE_YEAR_FREE;231672;n;y;https://pictures.immobilienscout24.de/listings/6c5a7f3d-9464-44c0-8250-ce30e861c6be-1371183684.jpg/ORIG/resize/118x118%3E/extent/118x118/format/jpg/quality/80;9;11.24;40 MBit/s;telekom_layer_magenta_l;über VDSL;1912;REGULAR;disabled;11.24;116323228;steam_district_heating;n;false;MagentaZuhause L;y;Berlin;n;10;1;663.94;no_information;energy_consumption;6.2;170;Berlin;10707;negotiable;no_information;false;100 MBit/s;no_information;no_information;y;https://padlock.link/ioml;https://padlock.link/ml;no_information;apartment;10707;4;145.3;n;;2,active;true;Deutschland;standard;100 MBit/s;wohnung_kauf;n;4;web,email,bank,music,dl-ul,game,sd,mltstr,hd,fast-ul-dl;true;001.231672;780000;profile0;;4;true;n;;n;n;Wilmersdorf_Wilmersdorf;371410;7;Berlin;/expose/116323228;['Es handelt sich hierbei um einen wunderschönen und sehr repräsentativen Altbau, welcher sich in ein Vorder-/ Gartenhaus, mit 28 Einheiten aufteilt.', 'Diese Wohnung befindet sich im 4. OG, des Vorderhauses. Sie besteht derzeit aus vier Zimmer, ein Gäste-WC, ein Wannenbad, eine Küche, eine Kammer und ein Balkon. Sie muss vom zukünftigen Erwerber saniert werden. Hier eröffnen sich natürlich auch viele Möglichkeiten. Der Grundriss könnte verändert werden und somit eine 5 Zimmerwohnung entstehen.', 'Dias Haus befindet sich in der Düsseldorfer Str., ca. 400 m vom Oliver Platz und ca. 700 m vom Kurfürsten Damm entfernt. Die ruhige und doch sehr zentrale Lage zeichnen dieses Objekt aus.\r\n\r\n\r\nDer Bezirk Wilmersdorf gehört zu einer der besten Wohngegenden in Berlin.', 'Hier können Sie sich schon einmal ein Bild dieser Immobilie verschaffen. Einfach den Link kopieren und in den Browser einfügen.\r\n\r\nhttps://www.youtube.com/watch?v=FT2JTRxoTk4'];170;209;;;
2020-05-26 08:35:27.146050;Berlin;central_heating;;ONE_YEAR_FREE;15828747;n;y;https://pictures.immobilienscout24.de/listings/d1357e24-7486-4062-b646-94056f652d0b-1346646080.jpg/ORIG/resize/118x118%3E/extent/118x118/format/jpg/quality/80;29;12.24;40 MBit/s;telekom_layer_magenta_l;über VDSL;1918;REGULAR;;12.24;115409595;oil;n;false;MagentaZuhause L;y;Berlin;y;9;1;334.11;3;energy_required;6.53;145.82;Berlin;10823;well_kept;normal;false;100 MBit/s;no_information;"Klixstra&szlig;e";n;https://padlock.link/ioml;https://padlock.link/ml;Klixstraße;apartment;10823;5;125.8;n;;2,active;true;Deutschland;top;100 MBit/s;wohnung_kauf;n;4;web,email,bank,music,dl-ul,game,sd,mltstr,hd,fast-ul-dl;true;002.01004296519;669000;profile0;5;5;true;n;showqualicontactform;n;n;Schöneberg_Schöneberg;ETW-2387;6;Berlin;/expose/115409595;['Das Mehrfamilienhaus mit der Adresse, Klixstraße 3, 10823 Berlin/ Schöneberg wurde im Jahr 1918 erbaut.\nDie Eigentumswohnung befindet sich im Vorderhaus, 4.Obergeschoss und verfügt über eine äußerst großzügige Wohnfläche von etwa 145,82 m².\nDas Gemeinschaftseigentum würde saniert.\nDas Gewerbe ist vermietet.\nLeider liegen uns auf Grund des vermieteten Zustands keine Informationen zu genauen Ausstattungsdetails vor.\nAlternativ können Sie sich auch direkt ein Bild vor Ort machen. Wir vereinbaren gern einen Besichtigungstermin für Sie.', 'Die hier angebotene Immobilie befindet sich in einem Vorderhausim beliebten Berliner Stadtteil Schöneberg.\nDie Umgebung ist geprägt durch Wohnhäuser, Restaurants und Geschäfte des täglichen Bedarfs sowie diverse Möbelmärkte. Mehrere Grün- und Parkanlagen im Ortsteil bieten sich als Naherholungsgebiete an.\nEine reichhaltige Auswahl an Restaurants, Bars und netten Cafés findet man im fußläufig erreichbaren Szeneviertel rund um den Akazien-Kiez. Viele Geschäfte des täglichen Bedarfs sowie Apotheken, Kitas und Schulen sind in unmittelbarer Nähe vorhanden und lassen nichts zu wünschen übrig. Die hervorragende Verkehrsanbindung rundet das Angebot ab. Der U- Bahnhof Eisenacher Straße, sowie diverse Buslinien befinden sich in unmittelbarer Umgebung. Mit dem öffentlichen Personennahverkehr oder dem Pkw sind Bewohnerinnen und Bewohner perfekt angebunden.'];;;;;
2020-05-26 08:35:27.533667;Berlin;central_heating;true;ONE_YEAR_FREE;1392152;n;y;https://pictures.immobilienscout24.de/listings/7cb56be9-bf1d-42e9-81e3-ce4326959d2e-1348951671.jpg/ORIG/resize/118x118%3E/extent/118x118/format/jpg/quality/80;38;11.12;40 MBit/s;telekom_layer_magenta_l;über VDSL;1893;REGULAR;disabled;11.12;115562546;district_heating;n;false;MagentaZuhause L;n;Berlin;y;10;1;483;10;energy_consumption;6.13;110.42;Berlin;10625;no_information;normal;false;100 MBit/s;no_information;"Pestalozzistra&szlig;e";n;https://padlock.link/ioml;https://padlock.link/ml;Pestalozzistraße;apartment;10625;4;106;n;;2,active;true;Deutschland;premium;100 MBit/s;wohnung_kauf;n;1;web,email,bank,music,dl-ul,game,sd,mltstr,hd,fast-ul-dl;true;001.1392152;830000;profile0;5;4;true;n;showqualicontactform;n;n;Charlottenburg_Charlottenburg;PE10_SE10;5;Berlin;/expose/115562546;"['Das Objekt Pestalozzistraße 10  ist ein ca. im Jahr 1992 modernisierter Altbau und befindet sich in einer zentralen Citylage des alten Westberlins. Bei der Pestalozzistraße 10 handelt es sich um eine traditionell gute Wohnadresse.\n\nDer repräsentative fünfgeschossige Altbau wurde um das Jahr 1893 errichtet und gliedert sich in ein Vorderhaus, zwei Seitenflügel sowie ein Gartenhaus. Die Wohnanlage beherbergt insgesamt 47 Wohn- und Teileigentumseinheiten.\n\nDer Altbau strahlt einen besonderen Charme aus, der durch nostalgische Elemente, wie die Original-Holzdielenböden und den in einigen Wohnungen noch vorhandenen Deckenstuck, hervorgehoben wird. Abgerundet werden die liebevollen Objektdetails durch einen repräsentativen Eingangsbereich.', 'Zum Kauf steht eine bezugsfreie Vorderhauswohnung im 1. Obergeschoss. Die Wohnung verfügt über eine Wohnfläche von ca. 110 m², verteilt über vier Zimmer, ein geräumiges Duschbad mit Fenster,  eine Küche, eine Diele sowie einen nach Süden ausgerichteten Balkon. \n\nDie Wohnung besticht durch die noch vorhandenen Altbau-Details, wie z.B. hohe Decken, Dielen- und Parkettböden sowie einige Stuckverzierungen an den Decken. \n\nDie Beheizung erfolgt mittels Fernwärme;  die Warmwasserzubereitung über einen elektrischen Durchlauferhitzer. \n\nDes Weiteren gehört zu der Wohnung ein Kellerabteil.', 'Die Wohnanlage Pestalozzistraße 10 liegt inmitten des pulsierenden Bezirks Charlottenburg, unweit des über die Stadtgrenzen hinaus bekannten Savignyplatzes. In der Nähe befindet sich der Kurfürstendamm mit seinen zahlreichen Einkaufsmöglichkeiten, kulturellen Angeboten und seiner gastronomischen Vielfalt. \n\nDie Verkehrsanbindung ist sehr gut. So befindet sich z. B. der S-Bahnhof Savignyplatz nur wenige Gehminuten entfernt. Darüber hinaus sind die Schlüterstraße und die nahe gelegene Kantstraße über diverse Buslinien an das Nahverkehrsnetz angeschlossen. Ebenso kann die Stadtautobahn in wenigen Fahrminuten erreicht werden. Der Standort verbindet Ruhe und ein überaus attraktives Umfeld zu höchster innerstädtischer Wohnqualität.\n\nIn unmittelbarer Nachbarschaft befinden sich zahlreiche Einkaufsmöglichkeiten für den täglichen Bedarf, Dienstleistungsangebote, Schulen und Kitas, die bequem zu Fuß erreicht werden können.', 'Das Angebot ist für den Käufer provisionsfrei. ']";;1;;;
2020-05-26 08:35:27.877164;Berlin;district_heating;true;ONE_YEAR_FREE;37030;n;y;https://pictures.immobilienscout24.de/listings/19cceded-c53d-4748-8461-59b5b22453e4-1365977566.jpg/ORIG/resize/118x118%3E/extent/118x118/format/jpg/quality/80;14;11.3;40 MBit/s;telekom_layer_magenta_l;über VDSL;1900;REGULAR;disabled;11.3;116423741;no_information;n;true;MagentaZuhause L;y;Berlin;y;9;1;;55;energy_required;5.73;138.18;Berlin;14057;no_information;no_information;false;100 MBit/s;no_information;"Dernburgstra&szlig;e";n;https://padlock.link/ioml;https://padlock.link/ml;Dernburgstraße;ground_floor;14057;5;143.4;n;;2,active;true;Deutschland;schaufenster;100 MBit/s;wohnung_kauf;n;0;web,email,bank,music,dl-ul,game,sd,mltstr,hd,fast-ul-dl;true;001.37030;631000;profile0;5;5;true;n;showqualicontactform;n;n;Charlottenburg_Charlottenburg;36953;6;Berlin;/expose/116423741;['Auf 138 Quadratmeter verteilen sich großzügig fünf Wohnräume, eine geräumige Küche, ein Badezimmer und ein Gäste-WC jeweils mit viel Tageslicht. Hinzu kommt genügend Stauraum durch ein Abstellzimmer sowie zwei Kammern. Ihre besondere Atmosphäre erhält die Immobilie durch die vielen geschmackvollen Details der Bauzeit, wie Echtholzböden mit Dielen oder Fischgrätparkett, Flügeltüren mit schicken Messingbeschlägen, Holzfenster sowie dezent verspielter Stuck. Also ganz im Charlottenburger Sinne: Wohnen mit Stil.\r\n \r\nBeim 5-geschossigen Haus in der Dernburgstraße 55 handelt es sich um einen sehr gut erhaltenen Altbau mit Seitenflügel sowie gepflegtem Innenhof. Das Baujahr ist ca. 1900. Ein visuelles Highlight ist der repräsentative Eingangsbereich. \r\nFür die Heizung wird Fernwärme genutzt, die Warmwasseraufbereitung erfolgt zentral im Haus.\r\n\r\nSie interessieren sich für diese Immobilie, haben Fragen zur Finanzierung oder wünschen einen Besichtigungstermin? Das ZIEGERT-Team steht Ihnen immer gern zur Verfügung!\r\n', '+ sofort bezugsfertig\r\n\r\n+ Balkon\r\n\r\n+ Echtholzdielen und Fischgrätparkett\r\n\r\n+ viele Altbaudetails (u.a. Stuck, Kassettentüren, Flügeltüren)\r\n\r\n+ 3,30 m Deckenhöhe\r\n\r\n+ Duschbad mit Tageslicht\r\n\r\n+ Rollläden an den straßenseitigen Fenstern\r\n\r\n+ Abstellraum mit Fenster, 2 Kammern mit Tageslicht\r\n\r\n+ hohe und helle Räume\r\n\r\n+ Kellerraum\r\n\r\n+ Seenähe\r\n\r\n+ perfekte Anbindung an öffentlichen Nahverkehr', 'Bürgerlich Wohnen in der City-West: Die verkehrsberuhigte Dernburgstraße in Berlin-Charlottenburg ist eine klassische Wohnlage mit mehrstöckigen Altbauten wo große Bäume säumen die Straße säumen. Wichtigster Pluspunkt ist die Nähe zum beliebten Lietzensee. In nur 5 Gehminuten erreicht man diese grüne Oase und kann dort perfekt entspannen. Urbaner Bezugspunkt ist die Neue Kantstraße bzw. die Kantstraße. Zahlreiche Geschäfte, Restaurants und Bars stehen hier zur Auswahl. Ein EDEKA Supermarkt befindet sich nur 2 Minuten entfernt. Die Kantstraße führt am Savignyplatz vorbei schließlich zum Bahnhof Zoo und zu den Shopping-Angeboten rund um die Gedächtniskirche.\r\n\r\nDie nächste S-Bahnstation ICC/Messe Nord erreicht man in nur 2 Minuten: Mit der Ringbahn lässt sich von hier ganz Berlin schnell und bequem erschließen.', '++++++++++++++++++++++++++++++++++++++++++++\r\n\r\nUnser Verkaufsbüro in der Schlüterstraße 54 hat wieder geöffnet. Besuchen Sie uns Dienstags, Mittwochs oder Donnerstags zwischen 14 und 18 Uhr. Unsere Berater freuen sich auf Sie!\r\n\r\n++++++++++++++++++++++++++++++++++++++++++++\r\n\r\nSie wollen sich vergrößern oder verändern? Zögern Sie nicht und fragen Sie unsere Experten, welchen Wert Ihre Immobilie aktuell hat.\r\n\r\n++++++++++++++++++++++++++++++++++++++++++++\r\r\n'];;751;;;
2020-05-26 08:35:28.248039;Berlin;;;ONE_YEAR_FREE;17689537;n;y;https://pictures.immobilienscout24.de/listings/ee9a7ecc-089f-40af-953f-42de6b8d6c46-1370377427.jpg/ORIG/resize/118x118%3E/extent/118x118/format/jpg/quality/80;29;11.24;40 MBit/s;telekom_layer_magenta_l;über VDSL;1979;REGULAR;;11.24;115762745;oil;n;false;MagentaZuhause L;n;Berlin;n;10;3;605;28;energy_consumption;6.2;134.17;Berlin;10715;well_kept;no_information;false;100 MBit/s;underground_garage;"Durlacher Stra&szlig;e";y;https://padlock.link/ioml;https://padlock.link/ml;Durlacher_Straße;roof_storey;10715;4;153.3;n;;2,active;true;Deutschland;top;100 MBit/s;wohnung_kauf;n;5;web,email,bank,music,dl-ul,game,sd,mltstr,hd,fast-ul-dl;true;009.d41f4c69-eb7b-4709-b891-42c728a6b026;813000;profile0;5;4;true;n;showqualicontactform;n;n;Wilmersdorf_Wilmersdorf;DUR28_WE40;6;Berlin;/expose/115762745;['CHARMANTES WOHNQUARTIER IN WILMERSDORF\n\nInmitten einer grünen Oase befindet sich dieses gepflegte Wohnquartier aus dem Jahre 1979. Hier treffen gartenstädtische Elemente und Großstadtarchitektur aufeinander. Das Wohnquartier umfasst rund  232 Wohn- und 3 Gewerbeeinheiten. Neben diversen Fahrradabstellmöglichkeiten bietet diese Immobilie Keller und Tiefgaragenstellplätze.', 'LICHTDURCHFLUTETE MAISONETTE WOHNUNG - ÜBER DEN DÄCHERN VON WILMERSDORF\n\nDiese Wohnung liegt im 5ten und 6ten OG und befindet sich in einem gepflegten Zustand. Sie zeichnet sich vor allem durch folgende Ausstattungsmerkmale aus:\n\n* 1 Balkone\n* 1 Terrasse\n* Gefliestes Wannenbad mit Handtuchheizkörper\n* Gefliestes Duschbad \n* Gut geschnitten\n* Parkett\n* Parkähnliches Wohnen\n* hell', 'WOHNEN AM VOLKSPARK WILMERSDORF\n\nMit dem Blick ins Grüne in den Tag starten. Das geht auch in Berlin! \nDer Volkspark Wilmersdorf bietet Ihnen somit nicht nur eine Oase der Erholung, sondern auch eine Menge an Freizeitaktivitäten. \nOb eine Runde Minigolf, ein paar Körbe werfen auf der Sportanlage oder einfach eine Runde durch den Park joggen. \nZur Belohnung gibt es dann ein paar Kugeln Eis bei einem der umliegenden Cafés. Genießen Sie den Großstadtdschungel in vollen Zügen!\n\nAuch das öffentliche Verkehrsnetz ist hervorragend angebunden. Die S-Bahn (S 41/42) und U-Bahn (U9) Station  „Bundesplatz“ ist fußläufig innerhalb von weniger Minuten erreichbar. Hinzu kommt die Bus-Station „Durlacher Str.“ mit der Linie (N9), welche Sie entweder zum Alex, oder zum Breitenbachplatz befördert.', 'Wir freuen uns von Ihnen zu hören und stehen für weitere Fragen und einen Besichtigungstermin selbstverständlich gern zur Verfügung!\n\n**Es handelt sich bei dem Hausgeld um eine geschätzte Angabe. Genaue Informationen werden nachgereicht.**'];;;1;;true
2020-05-26 08:35:28.736009;Berlin;floor_heating;;ONE_YEAR_FREE;16553840;n;y;https://pictures.immobilienscout24.de/listings/5ddb6997-5172-4248-8c15-a5a78c9d2d87-1352581140.jpg/ORIG/resize/118x118%3E/extent/118x118/format/jpg/quality/80;4;10.14;40 MBit/s;telekom_layer_magenta_l;über VDSL;1983;REGULAR;;10.14;115962418;gas;y;false;MagentaZuhause L;n;Berlin;n;9;4;380;no_information;energy_consumption;5.19;110;Berlin;14195;well_kept;sophisticated;false;100 MBit/s;underground_garage;no_information;n;https://padlock.link/ioml;https://padlock.link/ml;no_information;maisonette;14195;4;154.7;n;;2,active;true;Deutschland;standard;100 MBit/s;wohnung_kauf;n;1;web,email,bank,music,dl-ul,game,sd,mltstr,hd,fast-ul-dl;true;002.01007390668;550000;profile0;;4;true;y;showqualicontactform;n;n;Schmargendorf_Wilmersdorf;115962418;5;Berlin;/expose/115962418;['Wir bieten eine wunderschöne Maisonette-Wohnung in Bestlage Grunewald im Tausch und mit Wertausgleich gegen eine Villa oder ein Mehrfamilienhaus in TOP-Lage von Berlin. \n\nGenießen Sie den Charme und die Exklusivität in Grunewald, aber auch die Nähe zur City-West. Großzügig gestaltete Räume, ein halboffener Küchen- und Wohnbereich mit Zugang auf den großzügigen Balkon, drei weitere Zimmer, zwei Bäder und ein Abstellbereich präsentieren sich in einem gepflegten Zustand.  \nHier wohnen Sie anspruchsvoll und außergewöhnlich. \n\nDas Mehrfamilienhaus wurde ca. 1983 erbaut und wird von der Eigentümergemeinschaft liebevoll gepflegt. Instandhaltungs- und Modernisierungsmaßnahmen werden regelmäßig durchgeführt.  \n\nEin Tiefgaragenstellplatz gehört zu der Wohnung.', '- Maisonette\n- Fussbodenheizung\n- großer Balkon im unteren Bereich der Wohnung\n- Badezimmer mit Badewanne im unteren Bereich\n- Badezimmer mit Dusche im oberen Bereich \n- Küche (Küchenmöbel inkl. Elektrogeräte sind vorhanden)\n- Tiefgaragenstellplatz\n- und vieles mehr', 'Berlin ist die Bundeshauptstadt\nBerlin ist ungewöhnlich außergewöhnlich\nBerlin ist sophisticated\nBerlin ist die grüne Stadt mit vielen Wäldern,\nParks und natürlich dem Wannsee\nBerlin hat den Ku‘damm und noch viel mehr\nBerlin ist Kultur - Berlin ist Szene\nBerlin ist halt Berlin\n\nBerlin hat in den letzten Jahren einen bemerkenswerten Wandel erfahren und prägt sich als Weltstadt und als angesagte Adresse.\nWunderschöne historische Bauten, kulturelle und architektonische Highlights sowie traumhafte Wohnviertel prägen das Stadtbild.\nGenießen Sie diese pulsierende und lebendige Stadt, die so viel zu bieten hat. Grunewald gehört zu den exklusivsten Wohnlagen die Berlin zu bieten hat. Luxuriöse Einfamilienhäuser, noble Villen, Sitz vieler Botschaften, Parkanlagen und natürlich der Grunewald prägen das Ortsbild. Eine ausgezeichnete Infrastruktur, hervorragende Schulen und kulturelle Einrichtungen, attraktive Sportmöglichkeiten und die Nähe zum Kurfürstendamm sind nur einige Highlights die dieses Viertel ausmachen. In Grunewald ist man sich der Exklusivität der Nachbarschaft bewußt.', 'Wir bitten um Ihr Verständnis, das alle Angaben, Daten und Flächen im Exposé und unseren Broschüren, den vorhandenen Unterlagen und Plänen entnommen sind. Maßgeblich sind die Vereinbarungen, die zwischen Verkäufer und Käufer im notariellen Kaufvertrag geregelt sind.'];;;1;E;
2020-05-26 08:35:29.106612;Berlin;district_heating;;ONE_YEAR_FREE;164338;n;y;https://pictures.immobilienscout24.de/listings/15bf3271-07a9-4f72-80d9-86ad96954a2f-1357214624.jpg/ORIG/resize/118x118%3E/extent/118x118/format/jpg/quality/80;3;11.37;40 MBit/s;telekom_layer_magenta_l;über VDSL;1928;REGULAR;;11.37;116608242;no_information;n;false;MagentaZuhause L;y;Berlin;n;8;1;;no_information;;5.8;100;Berlin;14197;well_kept;normal;false;100 MBit/s;no_information;no_information;n;https://padlock.link/ioml;https://padlock.link/ml;no_information;apartment;14197;4;;n;;2,active;true;Deutschland;top;100 MBit/s;wohnung_kauf;n;;web,email,bank,music,dl-ul,game,sd,mltstr,hd,fast-ul-dl;true;001.164338;499000;profile0;;4;true;n;showqualicontactform;n;n;Wilmersdorf_Wilmersdorf;AIB12835;4;Berlin;/expose/116608242;"['Es handelt sich um eine großzügige 4- Zimmer-Wohnung mit ca. 100 qm lichtdurchfluteter Wohnfläche, gelegen im 1.Obergeschoss eines gepflegten Mehrfamilienhauses. \r\rDie Wohnung befindet sich in einem gepflegten Gesamtzustand.\rEs besteht jedoch Modernisierungsbedarf bei der Küche, sowie den Bädern. \r\rDie Wohnung kann jederzeit in 2 Wohneinheiten aufgeteilt werden und verfügt über 2 Eingänge.\r\rSie verfügt über einen einladenden Eingangsbereich, einen großzügigen Wohn- und Speisebereich, eine geräumige Küche, ein modernes Duschbad, ein großzügiges Schlafzimmer sowie 2 lichtdurchflutete Kinderzimmer mit Zugang zum Sonnenbalkon.\r\rDie Heizungs- und Warmwasserversorgung erfolgt über Fernwärme.\r\rDas aktuelle Hausgeld beträgt derzeit ca. 398,-€ monatlich.\r\rDas Haus verfügt über einen Aufzug! Die Wohnung ist nach Absprache bezugsfrei!', 'Eine gute Adresse von Berlin Wilmersdorf! Die zentrale Lage zählt zu den besten Adressen Berlins. Der Kurfürstendamm bietet ideale Verkehrsanbindung mit Bus und S-Bahn sowie hervorragende Einkaufsmöglichkeiten. ', 'Unser Service für Eigentümer\rWir stehen Ihnen bei dem Verkauf Ihrer Immobilie vom Anfang bis zum fertigen Abschluss diskret und kompetent zur Verfügung. \rJeder Schritt erfolgt nach Absprache mit Ihnen. \rSie entscheiden über die Verkaufsstrategie Ihres Objektes, ob diskret und ""off-market"" oder eine qualifizierte Vermarktung in Print- sowie Onlinemedien. \rWir verfügen immer über den richtigen Käufer. \rZudem bewerten wir Ihre Immobilie kostenfrei, entsprechend dem aktuellen Marktwert.\rGerne beraten wir Sie kostenlos persönlich in unserem Büro, per Telefon oder per E-Mail!\rWir freuen uns von Ihnen zu hören!\rwww.immo-boerse.com']";;;;;
2020-05-26 08:35:29.598871;Berlin;central_heating;;ONE_YEAR_FREE;76007;n;y;https://pictures.immobilienscout24.de/listings/88684aed-5866-478e-85eb-624a2bc9d414-1371147584.jpg/ORIG/resize/118x118%3E/extent/118x118/format/jpg/quality/80;13;7.89;40 MBit/s;telekom_layer_magenta_l;über VDSL;1895;REGULAR;;7.89;115186694;oil;y;true;MagentaZuhause L;y;Berlin;n;10;1;780.17;no_information;energy_consumption;3.38;184.33;Berlin;14193;well_kept;no_information;false;100 MBit/s;no_information;no_information;n;https://padlock.link/ioml;https://padlock.link/ml;no_information;roof_storey;14193;4;168.1;n;1993;2,active;true;Deutschland;standard;100 MBit/s;wohnung_kauf;n;3;web,email,bank,music,dl-ul,game,sd,mltstr,hd,fast-ul-dl;true;001.76007;795000;profile0;3;4;true;n;showqualicontactform;n;n;Grunewald_Wilmersdorf;50981;7;Berlin;/expose/115186694;"['Traumhafte Altbau-Dachgeschoss-Maisonettewohnung mit Blick ins Grüne und Teilblick zum Dianasee. Diese exklusiv über uns angebotene 3-Zimmer-ETW befindet sich im 3. OG (DG) eines Gebäudes aus dem Jahre 1895, welches im Jahr 1953-1957 nach dem Krieg neu aufgebaut und in 17 Einheiten aufgeteilt wurde.\r\n\r\nÜber das Treppenhaus (kein Fahrstuhl) gelangen Sie in die ca. 135 m² große Wohnung. Sie teilt sich auf in ein geräumiges Entree, ein Badezimmer, eine Küche, ein Wohnzimmer mit Balkon, eine Diele und 2 Zimmer. Das Besondere an dieser Einheit sind die vielen Stauräume in den begehbaren Kniestöcken, die hochwertigen Einbauschränke passend zum Stil der Wohnung und die zugeordnete Sondernutzungsfläche im Dachstuhl. Das Badezimmer, welches weiß gefliest ist, bietet eine Dusche, ein Waschbecken und ein WC. Das Highlight bildet der schöne Sonnenbalkon in Südwestlage, in zweiter Reihe zum Seeufer.\r\n\r\nDer Dachstuhl ist aufgeteilt und bietet Stauraumflächen (Kellerersatz) für die zugeordneten Wohnungen. Der hier zur Wohnung gehörende Stauraum wurde mit der unteren 3 Zimmer-Wohnung verbunden und ist als Sondernutzungsfläche (lt. Ergänzungen der Teilungserklärung mit einer Fläche von ca. 48 m²) über eine Treppe innerhalb der Wohnung zu begehen. Er bietet Stau- und Nutzflächen sowie ein Wannenbad. \r\nDie genaue Aufteilung entnehmen Sie bitte den Plänen. Das Bad wurde vom Bauamt genehmigt, die Sondernutzungsfläche ist beheizt und wurde in den 70er Jahren ausgebaut.\r\n\r\nDas mtl. Hausgeld beträgt 745,17 EUR inkl. 93,71 EUR Rücklagen, Heizkosten und den Betriebskosten. Das Anmieten eines KFZ-Stellplatzes (ca. 35,- EUR) auf dem Hof ist ggf. möglich.\r\n\r\nInteressiert? 1. Exposé anfordern 2. virtuellen 360°-Rundgang erleben 3. diskrete Lagebegutachtung von außen 4. persönliche Besichtigung.', ""Der ruhige und grüne Ortsteil Grunewald im Stadtbezirk Charlottenburg/Wilmersdorf gehört neben Dahlem zu den begehrtesten und teuersten Wohnlagen in Berlin. Die Nachbarschaftsbebauung ist durch herrschaftliche Villen, exklusive Einfamilienhäuser oder durch Stadtvillen mit Eigentumswohnungen geprägt. Die unmittelbare Nähe zur City (ca. 5 Minuten bis zum Kurfürstendamm) verbunden mit Naherholung (Wälder und Seen) machen diese Lage einzigartig. Vor allem die Nähe zur City-West, die gute Verkehrsanbindung (S-Bahnhof Grunewald, M19, M186), die vielen Villen und Landhäuser, die kleinen Seen und das viele Grün in den Straßen sowie der Grunewald selbst lassen ein Wohn- und Erholungsgefühl entstehen, das so in der Stadt seinesgleichen sucht.\r\n\r\nHier können Eigentumswohnungen bis zu 10.000 EUR/m² kosten. Wer mieten möchte, muss mit einem Niveau von ca. 15 EUR inkl. Nebenkosten pro m² rechnen. Auch die Baulandpreise sind nirgendwo in Berlin höher als hier. Bedeutende Persönlichkeiten aus Politik, Wirtschaft, Wissenschaft und Kultur ließen sich hier bereits zu Kaiser's Zeiten nieder und noch heute residiert hier ein Teil der Bundes- und Berliner Prominenz. 13 Botschaften und 10 Botschafterresidenzen haben sich in dem exklusiven Ortsteil niedergelassen. Mit dem Auto benötigt man wenige Minuten, um auf die Stadtautobahn oder die Avus zu gelangen.""]";;15761;;F;
2020-05-26 08:35:29.963491;Berlin;district_heating;;ONE_YEAR_FREE;15681940;n;y;https://pictures.immobilienscout24.de/listings/0541c462-72cf-437c-857f-48bf42dedd99-1364863488.jpg/ORIG/resize/118x118%3E/extent/118x118/format/jpg/quality/80;14;11.37;40 MBit/s;telekom_layer_magenta_l;über VDSL;1986;REGULAR;;11.37;115290996;geothermal;n;false;MagentaZuhause L;y;Berlin;y;10;4;410.82;no_information;energy_consumption;5.8;110.2;Berlin;10719;no_information;no_information;false;100 MBit/s;no_information;no_information;y;https://padlock.link/ioml;https://padlock.link/ml;no_information;apartment;10719;4;130.1;n;;2,active;true;Deutschland;standard;100 MBit/s;wohnung_kauf;n;5;web,email,bank,music,dl-ul,game,sd,mltstr,hd,fast-ul-dl;true;002.01002869861;777000;profile0;7;4;true;n;showqualicontactform;y;n;Wilmersdorf_Wilmersdorf;115290996;5;Berlin;/expose/115290996;['Die Wohnung befindet sich in einem sehr gepflegten Mehrfamilienhaus aus den 80er Jahren, welches unter Denkmalschutz steht. Ein Fahrstuhl ist vorhanden. Die 110 qm große 4- Zimmer Wohnung mit Balkon, ist gut geschnitten und besticht durch Ihre Helligkeit. Die Wohnung ist mit Parkettboden versehen. Das Gäste- WC, das Badezimmer und die Küche müssen renoviert werden. Ein Keller ist vorhanden.  Grundriss und weitere Unterlagen, erhalten Sie bei telefonischer Anfrage', 'Die Wohnung befindet sich direkt im Herzen der City West, nahe der berühmten Flaniermeile, dem Kurfürstendamm. Umgeben von feinsten Shopping-Adressen, ausgezeichneter Gastronomie, sowie von vielfältigen Geschäften für den täglichen Bedarf, besticht die Immobilie durch ihre zentrale Lage. Auch die Verkehrsanbindung ist optimal.'];;90;1;NO_INFORMATION;
