timestamp;obj_regio1;obj_heatingType;obj_telekomTvOffer;obj_cId;obj_newlyConst;obj_balcony;obj_picture;obj_picturecount;obj_pricetrend;obj_telekomUploadSpeed;obj_telekomTrackingGroup;obj_telekomInternetTechnology;obj_yearConstructed;obj_telekomInternetType;obj_pricetrendbuy;obj_scoutId;obj_firingTypes;obj_hasKitchen;obj_ExclusiveExpose;obj_telekomInternetProductName;obj_courtage;geo_bln;obj_cellar;obj_purchasePriceRange;obj_yearConstructedRange;obj_rentSubsidy;obj_houseNumber;obj_energyType;obj_pricetrendrent;obj_livingSpace;geo_krs;obj_zipCode;obj_condition;obj_interiorQual;obj_energyEfficiencyClass;ga_cd_cxp_historicallisting;obj_telekomDownloadSpeed;obj_parkingSpace;obj_street;obj_lift;obj_telekomInternetUrlMobile;obj_telekomInternetUrl;obj_streetPlain;obj_typeOfFlat;geo_plz;obj_noRooms;obj_thermalChar;obj_assistedLiving;obj_ityp;obj_telekomHdTelephone;geo_land;ga_cd_via;obj_telekomInternet;obj_immotype;obj_rented;obj_floor;obj_telekomInternetServices;obj_telekomInternetProductAvailable;obj_cwId;obj_purchasePrice;ga_cd_application_requirements;obj_noRoomsRange;ga_cd_maillead_default_shown;obj_garden;evt_count_pm_sig;obj_barrierFree;obj_international;obj_regio3;obj_objectnumber;obj_livingSpaceRange;obj_regio2;URL;beschreibung;obj_galleryAd;obj_groupnumber;obj_numberOfFloors;obj_usableArea;obj_lastRefurbish;obj_noParkSpaces;ga_cd_via_qualified;ga_cd_developer_virtualreality
2020-05-11 12:45:54.197465;Berlin;self_contained_central_heating;ONE_YEAR_FREE;8128225;n;y;https://pictures.immobilienscout24.de/listings/423b3eb4-f312-491f-b779-62d7a3bd417e-1336229406.jpg/ORIG/resize/118x118%3E/extent/118x118/format/jpg/quality/80;7;10.18;40 MBit/s;telekom_layer_magenta_l;über VDSL;1909;REGULAR;10.18;113718355;gas;n;false;MagentaZuhause L;y;Berlin;n;5;1;157.7;29;energy_consumption;5.21;69.25;Berlin;12207;well_kept;no_information;F;false;100 MBit/s;no_information;"M&uuml;llerstra&szlig;e";n;https://padlock.link/ioml;https://padlock.link/ml;Müllerstraße;apartment;12207;2;179;n;2,active;true;Deutschland;top;100 MBit/s;wohnung_kauf;y;1;web,email,bank,music,dl-ul,game,sd,mltstr,hd,fast-ul-dl;true;001.8128225;229000;profile0;2;true;n;showqualicontactform;n;n;Lichterfelde_Steglitz;C2320;3;Berlin;/expose/113718355;['Willkommen in Lichterfelde\n\nDie hier angebotene Altbauwohnung liegt im 1.OG des Vorderhauses und ist vermietet. Die Wohnfläche von 69,25m² verteilt sich auf 2 Zimmer, Küche samt Speisekammer, Abstellraum, Flur, Bad und Balkon.\n\nDie Wohnung ist in einem insgesamt guten Zustand. Weitere Informationen zu dieser Immobilie erhalten Sie selbstverständlich auf Anfrage. Vereinbaren Sie am besten jetzt Ihren persönlichen Besichtigungstermin. Wir freuen uns auf Sie.\n\n\nOBJEKTDATEN IM KURZÜBERBLICK\nBezug: vermietet\nEtage: Vorderhaus - 1.OG\nZimmer: 2\nWohnfläche: ca. 69,25 m²\nKüche: mit Speisekammer\nAbstellraum: Ja\nBalkon: Ja\nHeizung: Gasetagenheizung\nBruttokaltmiete: EUR 378,11\nBetriebskosten: EUR 100,41\n\nWohngeld: EUR  157,70\n\nObjekt-Nr.: C 2320 / WE 06', 'Die Immobilie befindet sich in Lichterfelde – ein Ortsteil im Berliner Bezirk Steglitz-Zehlendorf am Rande Berlins. Die Grenze zu Brandenburg ist nur wenige hundert Meter entfernt. Hier befindet sich ein Naherholungsgebiet mit etlichen Freizeitmöglichkeiten. Erholung findet man zudem auf den Spazierwegen rund um den Teltowkanal.\n\nGeschäfte des täglichen Bedarfs sowie Ärzte, Apotheken und Restaurants sind fußläufig erreichbar und lassen fast nichts zu wünschen übrig. Größere Einkaufszentren bietet der benachbarte Bezirk Steglitz mit der bekannten Schloßstraße - die wichtigste Einkaufsstraße im Südwesten Berlins.\n\nDie S-Bahnhöfe Osdorfer Straße und Lichterfelde Süd  sind etwa 700 Meter entfernt. Von hier aus sind es 5 bzw. 6 Stationen bis zur Ringbahn.\n', 'Sie wollen Ihre Immobilie verkaufen?\nWir haben vielleicht schon einen Käufer für Sie!\nGerne kümmern wir uns professionell und engagiert um den Verkauf Ihres Objektes.\n\nWir beraten Sie mit unserer Erfahrung bei der Bewertung Ihrer Immobilie und der Kaufpreisfindung. Selbstverständlich begleiten wir Sie beim Verkauf bis zur Übergabe des Objektes.\n\nWeitere attraktive Angebote von vermieteten und bezugsfreien Eigentumswohnungen finden Sie unter: www.bamboola-immobilien.de'];;;;;;;;
2020-05-11 12:45:54.505098;Berlin;self_contained_central_heating;ONE_YEAR_FREE;8128225;n;y;https://pictures.immobilienscout24.de/listings/fc0b28c9-94b5-41b1-8a08-67802b47bfc6-1336228987.jpg/ORIG/resize/118x118%3E/extent/118x118/format/jpg/quality/80;7;10.18;40 MBit/s;telekom_layer_magenta_l;über VDSL;1909;REGULAR;10.18;113716692;gas;n;false;MagentaZuhause L;y;Berlin;n;5;1;137.64;29;energy_consumption;5.21;58;Berlin;12207;well_kept;no_information;F;false;100 MBit/s;no_information;"M&uuml;llerstra&szlig;e";n;https://padlock.link/ioml;https://padlock.link/ml;Müllerstraße;apartment;12207;2;179;n;2,active;true;Deutschland;top;100 MBit/s;wohnung_kauf;y;1;web,email,bank,music,dl-ul,game,sd,mltstr,hd,fast-ul-dl;true;001.8128225;219000;profile0;2;true;n;showqualicontactform;n;n;Lichterfelde_Steglitz;C2319;2;Berlin;/expose/113716692;['Willkommen in Lichterfelde\n\nDie hier angebotene Altbauwohnung liegt im 1.OG des Vorderhauses und ist vermietet.\n\nDie Wohnfläche von 58m² verteilt sich auf 2 Zimmer, Küche samt Speisekammer, Flur, Bad und Balkon.\n\nDie Wohnung ist in einem insgesamt guten Zustand. Weitere Informationen zu dieser Immobilie erhalten Sie selbstverständlich auf Anfrage. Vereinbaren Sie am besten jetzt Ihren persönlichen Besichtigungstermin. Wir freuen uns auf Sie.\n\nOBJEKTDATEN IM KURZÜBERBLICK\nBezug: vermietet\nEtage: Vorderhaus - 1.OG\nZimmer: 2\nWohnfläche: ca. 58,00 m²\nKüche: mit Speisekammer\nBalkon: Ja\nHeizung: Gasetagenheizung\n\nNettokaltmiete: EUR 360,00\nBetriebskosten: EUR   84,00\nGesamtmiete: EUR 444,00\n\nWohngeld: EUR 137,64\n\nObjekt-Nr.: C 2319 / WE 04', 'Die Immobilie befindet sich in Lichterfelde – ein Ortsteil im Berliner Bezirk Steglitz-Zehlendorf am Rande Berlins. Die Grenze zu Brandenburg ist nur wenige hundert Meter entfernt. Hier befindet sich ein Naherholungsgebiet mit etlichen Freizeitmöglichkeiten. Erholung findet man zudem auf den Spazierwegen rund um den Teltowkanal.\n\nGeschäfte des täglichen Bedarfs sowie Ärzte, Apotheken und Restaurants sind fußläufig erreichbar und lassen fast nichts zu wünschen übrig. Größere Einkaufszentren bietet der benachbarte Bezirk Steglitz mit der bekannten Schloßstraße - die wichtigste Einkaufsstraße im Südwesten Berlins.\n\nDie S-Bahnhöfe Osdorfer Straße und Lichterfelde Süd  sind etwa 700 Meter entfernt. Von hier aus sind es 5 bzw. 6 Stationen bis zur Ringbahn.\n', 'Sie wollen Ihre Immobilie verkaufen?\nWir haben vielleicht schon einen Käufer für Sie!\nGerne kümmern wir uns professionell und engagiert um den Verkauf Ihres Objektes.\n\nWir beraten Sie mit unserer Erfahrung bei der Bewertung Ihrer Immobilie und der Kaufpreisfindung. Selbstverständlich begleiten wir Sie beim Verkauf bis zur Übergabe des Objektes.\n\nWeitere attraktive Angebote von vermieteten und bezugsfreien Eigentumswohnungen finden Sie unter: www.bamboola-immobilien.de'];;;;;;;;
2020-05-11 12:45:54.849042;Berlin;central_heating;ONE_YEAR_FREE;185949;n;y;https://pictures.immobilienscout24.de/listings/573ae4cb-2733-4062-91fd-fe28781e2295-1365790121.jpg/ORIG/resize/118x118%3E/extent/118x118/format/jpg/quality/80;15;11.35;40 MBit/s;telekom_layer_magenta_l;über VDSL;1996;REGULAR;11.35;113723133;no_information;n;true;MagentaZuhause L;n;Berlin;y;7;5;195.13;102;energy_consumption;7.53;68.2;Berlin;10245;well_kept;no_information;B;false;100 MBit/s;no_information;Boxhagener Strasse;y;https://padlock.link/ioml;https://padlock.link/ml;Boxhagener_Strasse;apartment;10245;2;71;n;2,active;true;Deutschland;standard;100 MBit/s;wohnung_kauf;y;4;web,email,bank,music,dl-ul,game,sd,mltstr,hd,fast-ul-dl;true;001.185949;313600;profile0;2;true;n;showqualicontactform;n;n;Friedrichshain_Friedrichshain;16719557;3;Berlin;/expose/113723133;"['Das Wohnhaus in der Boxhagener Straße 102-103/Ecke Kreutziger Straße befindet sich in einer sehr guten und zentralen Lage im begehrten Boxhagener Kiez. Die Fassade erstrahlt in einem neuen und modernen Farbkonzept. Durch stetige Modernisierungen sowohl im Haus- als auch im Gartenbereich bieten die 2- bis 5-Zimmer-Wohnungen eine hohe Wohn- und Lebensqualität. Auf rund 68 bis 127 Quadratmetern gibt es passende Entfaltungsmöglichkeiten für unterschiedliche Lebensstile.\r\n\r\nDer ansprechende Gesamteindruck setzt sich im Gebäudeinneren fort: Die Hauseingangstüren und Treppenhäuser wurden ebenfalls entlang eines harmonischen Farbkonzepts gestaltet. Nicht nur der gute Erhaltungszustand des Objekts, auch weitere Vorzüge wie der barrierearme Zugang dank Fahrstühlen stellen die Zukunftsfähigkeit der Eigentumswohnungen in der Boxhagener Straße sicher. Die Aufzüge in jedem der drei Treppenaufgänge wurden hinsichtlich Boden- und Wandbelägen, Deckenverkleidungen inklusive Beleuchtung umfassend modernisiert.\r\n\r\nDie vermieteten Wohnungen in der Boxhagener Straße überzeugen mit einem besonders hellen und freundlichen Raumgefühl. Die Fußböden in den Wohnbereichen und Schlafzimmern sind in stilvoller Holzoptik gehalten. Die Bäder wurden in der Regel mit einem Wannen- und Duschbad ausgestattet. Viele Wohnungen verfügen zudem über ein separates Gäste-WC und kleine Abstellkammern. Für eine optimierte Energiebilanz und Wärmeschutz sorgen die Isolierglasfenster im gesamten Objekt. Alle Wohnungen ab dem zweiten Stock sind mit Balkonen ausgestattet und schaffen Raum für entspannte Stunden.\r\n\r\n\r\nFinden Sie Ihre Eigentumswohnung bequem mit der Accentro APP, aus einer großen Auswahl an vielen Berliner Standorten! Jetzt im App Store.\r\nACCENTRO App für iOS: https://goo.gl/71G54P und ACCENTRO App für Android: https://goo.gl/5itxrF', 'Willkommen in Friedrichshain – Taktgeber für Trends, Kreativität und Wandel in der Hauptstadt. Früher ein Arbeiter- und Industrieviertel, avancierte das Quartier zu einem der attraktivsten Wohnlagen Berlins. Heute ist es eine bevorzugte Wohngegend für Familien, erfolgreiche Kreative, Start-ups und all jene, die diese spannende Mischung aus Lebens- und Wohnqualität mit authentischem Kiezflair schätzen. Jährlich gibt es rund 2.000 Zuzügler, die ihr Zuhause in Friedrichshain finden. Damit hat Friedrichshain einen höheren Zuzug als Kreuzberg, mit dem es den gemeinsamen Verwaltungsbezirk bildet und das zuletzt jährlich um ca. 600 Einwohner gewachsen ist.\r\n\r\nMittendrin liegt das Objekt in der Boxhagener Straße 102-103. Hier wohnen Sie zentral mit allen Vorzügen bestens aufgestellter ÖPNV-Verbindungen, einer breiten lokalen Nahversorgung, zahlreichen Cafés und dennoch viel Grün im urbanen Raum. Sie genießen hier den Luxus kurzer Wege, egal ob es um den Biomarkt, den Bäcker, die nächste Grünanlage, den Spielplatz oder die Kita geht.\r\n\r\nNicht nur Kultur, auch Natur zum Durchatmen gibt es in unmittelbarer Umgebung, so zum Beispiel in der Grünanlage Traveplatz, aber natürlich auch am ""Boxi"" selbst. Die große Grünanlage am Boxhagener Platz ist der ideale Ort zum Entspannen und Verweilen zwischen schattigen Bäumen, Bänken und viel Grün. Am Samstag findet sich hier mit dem Wochenmarkt ein wahres Einkaufsparadies für Frisches und Leckeres aller Art von Gemüse, Fleisch und Fisch, Obst bis hin zu Blumen. Außerdem können sich die Kleinen auf einem spannenden Abenteuerspielplatz austoben. Ein Gymnasium liegt etwa 400 Meter entfernt. Neben der idealen Verkehrsinfrastruktur sind der hohe Freizeitwert und die Lebensqualität zentrale Faktoren, die das Leben in Friedrichshain so attraktiv gestalten.']";disabled;8490;6;;;;;
2020-05-11 12:45:55.163111;Berlin;self_contained_central_heating;ONE_YEAR_FREE;8128225;n;y;https://pictures.immobilienscout24.de/listings/138542a1-f6e7-4f3e-96fe-8bde4edf1502-1336230869.jpg/ORIG/resize/118x118%3E/extent/118x118/format/jpg/quality/80;7;10.18;40 MBit/s;telekom_layer_magenta_l;über VDSL;1909;REGULAR;10.18;113720638;gas;n;false;MagentaZuhause L;y;Berlin;n;5;1;153.8;29;energy_consumption;5.21;67.08;Berlin;12207;well_kept;no_information;F;false;100 MBit/s;no_information;"M&uuml;llerstra&szlig;e";n;https://padlock.link/ioml;https://padlock.link/ml;Müllerstraße;apartment;12207;2;179;n;2,active;true;Deutschland;top;100 MBit/s;wohnung_kauf;y;2;web,email,bank,music,dl-ul,game,sd,mltstr,hd,fast-ul-dl;true;001.8128225;219000;profile0;2;true;n;showqualicontactform;n;n;Lichterfelde_Steglitz;C2321;3;Berlin;/expose/113720638;['Willkommen in Lichterfelde\n\nDie hier angebotene Altbauwohnung liegt im 2.OG des Vorderhauses und ist vermietet. Die Wohnfläche von etwa 67m² verteilt sich auf 2 Zimmer, Küche samt Speisekammer, Abstellraum, Flur, Bad und Balkon.\n\nDie Wohnung ist in einem insgesamt guten Zustand. Weitere Informationen zu dieser Immobilie erhalten Sie selbstverständlich auf Anfrage. Vereinbaren Sie am besten jetzt Ihren persönlichen Besichtigungstermin. Wir freuen uns auf Sie.\n\n\nOBJEKTDATEN IM KURZÜBERBLICK\nBezug: vermietet\nEtage: Vorderhaus - 2.OG\nZimmer:2\nWohnfläche: ca. 67,08 m²\nKüche: mit Speisekammer\nAbstellraum: Ja\nBalkon: Ja\nHeizung: Gasetagenheizung\n\nBruttokaltmiete: EUR 319,97\nBetriebskosten: EUR 97,27\n\nWohngeld: EUR  153,80\n\nObjekt-Nr.: C 2321 / WE 09', 'Die Immobilie befindet sich in Lichterfelde – ein Ortsteil im Berliner Bezirk Steglitz-Zehlendorf am Rande Berlins. Die Grenze zu Brandenburg ist nur wenige hundert Meter entfernt. Hier befindet sich ein Naherholungsgebiet mit etlichen Freizeitmöglichkeiten. Erholung findet man zudem auf den Spazierwegen rund um den Teltowkanal.\n\nGeschäfte des täglichen Bedarfs sowie Ärzte, Apotheken und Restaurants sind fußläufig erreichbar und lassen fast nichts zu wünschen übrig. Größere Einkaufszentren bietet der benachbarte Bezirk Steglitz mit der bekannten Schloßstraße - die wichtigste Einkaufsstraße im Südwesten Berlins.\n\nDie S-Bahnhöfe Osdorfer Straße und Lichterfelde Süd  sind etwa 700 Meter entfernt. Von hier aus sind es 5 bzw. 6 Stationen bis zur Ringbahn.\n', 'Sie wollen Ihre Immobilie verkaufen?\nWir haben vielleicht schon einen Käufer für Sie!\nGerne kümmern wir uns professionell und engagiert um den Verkauf Ihres Objektes.\n\nWir beraten Sie mit unserer Erfahrung bei der Bewertung Ihrer Immobilie und der Kaufpreisfindung. Selbstverständlich begleiten wir Sie beim Verkauf bis zur Übergabe des Objektes.\n\nWeitere attraktive Angebote von vermieteten und bezugsfreien Eigentumswohnungen finden Sie unter: www.bamboola-immobilien.de'];;;;;;;;
2020-05-11 12:45:55.496657;Berlin;self_contained_central_heating;ONE_YEAR_FREE;15754699;n;n;https://pictures.immobilienscout24.de/listings/62efd926-6624-4707-b3c9-aff688a79176-1361895571.jpg/ORIG/resize/118x118%3E/extent/118x118/format/jpg/quality/80;14;11.35;40 MBit/s;telekom_layer_magenta_l;über VDSL;1900;REGULAR;11.35;113705251;gas;n;false;MagentaZuhause L;y;Berlin;n;4;1;136.84;28;energy_consumption;7.53;39.51;Berlin;10245;no_information;no_information;;false;100 MBit/s;no_information;Corinthstr.;n;https://padlock.link/ioml;https://padlock.link/ml;Corinthstr.;apartment;10245;2;129.8;n;2,active;true;Deutschland;top;100 MBit/s;wohnung_kauf;n;1;web,email,bank,music,dl-ul,game,sd,mltstr,hd,fast-ul-dl;true;001.15650116;199000;profile0;2;true;n;;n;n;Friedrichshain_Friedrichshain;6085;1;Berlin;/expose/113705251;['Die hier angebotene Wohnung befindet sich im beliebten Szene-Bezirk Berlin Friedrichshain. In einem Altbaugebäude von 1900 liegt die Wohnung im ruhigen Seitenflügel. \nDie Wohneinheit verfügt über 2 Zimmer, eine Küche und ein Badezimmer mit Wanne. Bis auf die Küche sind alle Räume separat vom Flur aus erreichbar. Die Küche ist über eines der Zimmer begehbar. Alle Fenster der Wohnung sind zum ruhigen Innenhof gerichtet. Die Wohnug ist ab sofort bezugsfrei.\n\nFür weitergehende Informationen kontaktieren Sie uns gern! \n\nGern zeigen wir Ihnen die Immobilie persönlich.\n', 'Die Lage der Wohnung ist ideal. Mehrere Busse und die Tram fahren in unmittelbarer Umgebung und auch der Bahnhof Ostkreuz oder der S-Bahnhof Treptower Park (Ringbahn) sind fußläufig gut zu erreichen. Über die nahe liegende Oberbaumbrücke gelangt man in 5 Minuten nach Kreuzberg.\nEinkaufsmöglichkeiten, Ärzte, Schulen u. sonstige Einrichtungen des täglichen Bedarfs befinden sich in der unmittelbaren Umgebung. Die neu eröffnete East Side Mall, ist ein weiteres Highlight in Friedrichshain und lässt keine Wünsche bezüglich Shopping offen. Zahlreiche Cafés, Restaurants, Galerien und Freizeitparks gehören ebenfalls zu den beliebten Vorzügen von Friedrichshain.\n*Unsere Empfehlung in der Nachbarschaft:\nDie beliebte Simon-Dach-Straße mit unzähligen Bars und Cafés befindet sich in der Nähe der Wohnung und ist in jedem Fall einen Besuch wert.\n'];disabled;;;;;;;
2020-05-11 12:45:55.829134;Berlin;district_heating;ONE_YEAR_FREE;17516554;n;y;https://pictures.immobilienscout24.de/listings/d51ef9dc-ec04-477c-be87-9c82da275e68-1322749707.jpg/ORIG/resize/118x118%3E/extent/118x118/format/jpg/quality/80;3;11.3;40 MBit/s;telekom_layer_magenta_l;über VDSL;1887;REGULAR;11.3;113716005;no_information;y;false;MagentaZuhause L;y;Berlin;y;10;1;;no_information;;5.73;149.29;Berlin;10625;well_kept;sophisticated;;false;100 MBit/s;no_information;no_information;n;https://padlock.link/ioml;https://padlock.link/ml;no_information;ground_floor;10625;6;;n;2,active;true;Deutschland;top;100 MBit/s;wohnung_kauf;n;1;web,email,bank,music,dl-ul,game,sd,mltstr,hd,fast-ul-dl;true;009.80719fa7-1458-40a7-a713-9da28826f4b4;949000;profile0;5;true;y;showqualicontactform;n;n;Charlottenburg_Charlottenburg;Objekt: BWC_230;6;Berlin;/expose/113716005;['Diese charmante Altbauwohnung liegt im schönen Teil der beliebten Schlüterstraße in Berlin Charlottenburg.-Wilmersdorf. Der berühmte Ku´Damm und seine vielseitigen Einkaufsmöglichkeiten sind fußläufig zu erreichen.\nBeste Boutiquen, schönste Restaurants, gute Einkaufs-möglichkeiten in einem bürgerlicher Kiez bilden die Nachbarschaft dieses wunderschönen Objekts.\nDer außergewöhnliche Altbau aus dem Jahr 1887 mit seinem imposanten Eingang liegt mitten im Geschehen und strahlt trotzdem eine vornehme Ruhe aus.', 'Das große Wohnzimmer ist lichtdurchflutet und hat eine Deckenhöhe von 3,7 m. \n\nEin kleiner privater Garten von 50 m² versüßt den Ausblick auf die prächtige Schlüterstraße.\n\nDie Wohnung und alle Zimmer sind gut geschnitten und bieten Platz zum Leben.\n\nZu den Besonderheiten dieses Objekts zählen neben dem Garten auch zwei große Bäder.\n\nDie voll ausgestattete Küche verfügt über moderne Geräte und bietet einen schönen Blick in den Innenhof.\n\nEine weitere Besonderheit der schönen Wohnung ist ein kleines Zimmer mit Speisekammer und viel Stauraum.', 'Der Berliner Bezirk Charlottenburg-Wilmersdorf befindet sich im Westen Berlins und zählt zu den schönsten und beliebtesten Ecken der Stadt.\nDie Verkehrsanbindung an den Berliner Flughafen und Hauptbahnhof ist durch den schnellen Expressbus gesichert. Den Bezirk Mitte erreicht man innerhalb von 15 Minuten.', '- EG rechts/Wohnfläche 141 m² + 50 m²/5 Zimmer\n\n- Stilvolle Altbauwohnung in Berlin-Wilmersdorf\n\n- teilgewerbliche Nutzung möglich\n\n- 553,00 € Wohngeld, Fernwärme, 50 m² Garten'];;;5;150;;;;
2020-05-11 12:45:56.163915;Berlin;central_heating;ONE_YEAR_FREE;76007;n;y;https://pictures.immobilienscout24.de/listings/455224c0-d0e0-419f-80d7-d0b279f12133-1365994693.jpg/ORIG/resize/118x118%3E/extent/118x118/format/jpg/quality/80;4;11.13;40 MBit/s;telekom_layer_magenta_l;über VDSL;1966;REGULAR;11.13;113692959;oil;y;true;MagentaZuhause L;y;Berlin;y;4;2;334.39;no_information;energy_consumption;5.64;76;Berlin;12277;well_kept;no_information;E;false;100 MBit/s;no_information;no_information;n;https://padlock.link/ioml;https://padlock.link/ml;no_information;apartment;12277;3;139;n;2,active;true;Deutschland;standard;100 MBit/s;wohnung_kauf;n;1;web,email,bank,music,dl-ul,game,sd,mltstr,hd,fast-ul-dl;true;001.76007;180000;profile0;3;true;n;showqualicontactform;n;n;Marienfelde_Tempelhof;66381;3;Berlin;/expose/113692959;['Bei der hier angebotenen Immobilie handelt es sich um eine derzeit vermietete, geräumige 3-Zimmer-Eigentumswohnung im Hochparterre eines um ca. 1966 erbauten Mehrfamilienhauses in Berlin-Marienfelde. Die Wohnanlage wird von den Eigentümern laufend instandgehalten. Das Objekt ist seit seiner Errichtung vermietet an ältere Herrschaften. \r\n\r\nEinen ersten positiven Eindruck erhält man beim Betreten des gepflegten Eingangsbereiches im Treppenhaus. Die Wohnung selbst ist großzügig geschnitten und vom ersten Flur aus erreicht man das helle Wohnzimmer und ein weiteres Zimmer. Eine Abstellkammer ist hier ebenso vorhanden. Aus dem zweiten Flur sind das Schlafzimmer, die Wohnküche und das Badezimmer begehbar. Die Küche wurde mit einer Einbauküche versehen und bietet reichlich Platz. Das Bad verfügt über eine Badewanne, ein Waschbecken und ein WC. Am Wohnzimmer befindet sich die nach Westen ausgerichtete Loggia mit ausreichend Platz für gemütliche Abendstunden. \r\n\r\nDie Wohnung ist durch die großen Fensterfronten schön hell und mit Holzisolierfenstern und Jalousien ausgestattet. Das Wohnzimmmer und der Flur sind im Bodenbereich mit dunklen Fliesen verlegt, die weiteren Zimmer sind mit Teppich versehen. Die Beheizung erfolgt zentral über Leichtöl, die Anlage ist aus ca. 2002 und das Warmwasser wird über einen Durchlauferhitzer erzeugt. \r\n\r\nDas monatliche Wohngeld beträgt 334,39 EUR inklusive Heizung und Instandhaltungsrücklage.\r\n\r\nDie jährlichen Mieteinnahmen betragen 4.440 EUR zzgl. Nebenkosten.', 'Marienfelde ist ein Ortsteil des Berliner Stadtbezirks Tempelhof-Schöneberg und befindet sich im Süden von Berlin. Tempelhof ist ein begehrter Wohnstandort, der einerseits schöne Altbaubestände sowie auch ausgedehnte Einfamilienhausgebiete im Umfeld von großen Gewerbe- und Industrieparks aufweist. Das Objekt befindet sich westlich des Mariendorfer Damms.\r\n\r\nDer S-Bahnhof Marienfelde ist in wenigen Minuten zu erreichen. Von hier gelangt man sowohl in die Innenstadt als auch zum neuen Flughafen BBI Schönefeld. Mehrere Buslinien M77, 277, M11, 710, 711, X11 verkehren in unmittelbarer Nähe mit Anbindung an das Berliner U-Bahnnetz.\r\n\r\nZahlreiche Einkaufsmöglichkeiten sind ebenfalls vorhanden sowie auch Kindergärten und Schulen.'];;9101;3;;;;;
2020-05-11 12:45:56.739987;Berlin;central_heating;ONE_YEAR_FREE;386275;y;y;https://pictures.immobilienscout24.de/listings/6d0a690a-edd5-471c-922f-2d83be66e3c8-1333156613.jpg/ORIG/resize/118x118%3E/extent/118x118/format/jpg/quality/80;8;10.37;40 MBit/s;telekom_layer_magenta_l;über VDSL;2019;REGULAR;10.37;113706994;gas;n;false;MagentaZuhause L;y;Berlin;n;7;9;250;no_information;energy_required;4.78;81;Berlin;12203;no_information;no_information;;false;100 MBit/s;no_information;no_information;n;https://padlock.link/ioml;https://padlock.link/ml;no_information;apartment;12203;3;93;n;2,active;true;Deutschland;standard;100 MBit/s;wohnung_kauf;n;;web,email,bank,music,dl-ul,game,sd,mltstr,hd,fast-ul-dl;true;001.386275;349000;profile0;3;true;n;showqualicontactform;n;n;Lichterfelde_Steglitz;64233;4;Berlin;/expose/113706994;['Bei dem angebotenen Objekt handelt es sich um eine großzügige 3 Zimmer Wohnung in einem gepflegten Mehrfamilienhaus aus dem Jahre 1959. Das Haus wurde geteilt und es soll eine neue Eigentümergemeinschaft, die zueinander passt, gebildet werden. Zudem wurde das gesamte Haus in den Jahren 2018-2019 umfassend saniert. Es stehen mehrere Einheiten zum Verkauf - ziehen Sie gemeinsam mit lieben Freunden und Bekannten in ein Haus und genießen Sie das Zusammenleben, bei dem jeder trotzdem seine eigenen vier Wände hat. Die Wohnung liegt im ersten Obergeschoss des Hauses - auf insgesamt 81 Quadratmetern findet sich alles, was es für ein angenehmes Wohnen in idyllischer Lage braucht. Die offene Wohnküche im Flurbereich besticht durch eine behagliche Atmosphäre und schafft einen gemütlichen Mittelpunkt, wo die Familie zusammenkommen kann. Ein Balkon sorgt für zusätzliche Wohn- und Lebensqualität. Die Wärmeversorgung wird über eine Gaszentralheizung (Gas-Brennwertgerät ecoTEC plus) sichergestellt, welche im Jahr 2018 neu installiert worden ist. Ein Keller zur Nutzung ist ebenfalls vorhanden. Zudem verfügt das Haus über eine Gemeinschaftswaschküche inkl. Trockenraum im Keller. Sollten Sie noch eine Wohnung suchen, gäbe es die Möglichkeit eine3- Zimmer Wohnung im Hochparreterre zu erwerben. Sprechen Sie uns hierzu gerne an!\n\nHinweis: bei den Fotos der Zimmer handelt es sich um Beispielbilder einer vergleichbaren Einheit im Haus.', '- Sehr gepflegtes Wohnambiente\n- Zahlreiche Grünanlagen im Umkreis\n- Sehr hoher Wohn- und Freizeitwert\n- Stadtteilbild überwiegend geprägt durch Villen- und Einfamilienhäuser \n- Ideal für Paare\n- offene Wohnküche im Flurbereich mit Wohlfühlatmosphäre\n- Balkon\n- Keller', 'Die Wohnung liegt in Lichterfelde - einem  Berliner Ortsteil im Bezirk Steglitz-Zehlendorf. Lichterfelde liegt südlich des Ortsteils Dahlem, grenzt im Osten an Steglitz und nach Westen an Zehlendorf. Steglitz ist ganz überwiegend ein Stadtteil zum Wohnen in gutbürgerlichem Ambiente. Im Süden wechseln Villengegenden mit schlichteren Ein- und  Zweifamilienhausgebieten ab. Steglitz hat vor allem im Süden einige reich durchgrünte Ortsteile. Im direkten Umkreis bieten sich fussläufig gute Einkaufsmöglichkeiten, wie z.B. ein Bäcker, Optiker, Bioladen usw. Die Anbindung an die Innenstadt ist sehr gut. Die Eigentumswohnung befindet sich im sehr beliebten Steglitzer Unterbezirk Lichterfelde in sehr gepflegtem Wohnambiente. Von hier aus ist es sowohl in die City, als auch ins Berliner Umland mit seinen zahlreichen Ausflugsmöglichkeiten und Freizeitangeboten nicht weit. So sind auch zahlreiche Grünanlagen im Umkreis vorhanden, so dass ein  sehr hoher Wohn- und Freizeitwert gegeben ist. \n\nVerkehrsanbindung: Zone B Bus M11, M85, 184, 188, 285 / S-Bahn 1 Lichterfelde West, Regionalbahnhof Lichterfelde-Ost'];disabled;;;;2019;;;
2020-05-11 12:45:57.151526;Berlin;no_information;ONE_YEAR_FREE;18302372;n;y;https://pictures.immobilienscout24.de/listings/5562f769-7906-4741-9f36-6c56f529a8f1-1322290303.jpg/ORIG/resize/118x118%3E/extent/118x118/format/jpg/quality/80;9;10.76;40 MBit/s;telekom_layer_magenta_l;über VDSL;;REGULAR;10.76;113688705;;y;false;MagentaZuhause L;y;Berlin;y;3;;141.07;no_information;;6.07;43;Berlin;13585;well_kept;no_information;;false;100 MBit/s;no_information;no_information;n;https://padlock.link/ioml;https://padlock.link/ml;no_information;apartment;13585;2;;n;2,active;true;Deutschland;standard;100 MBit/s;wohnung_kauf;n;2;web,email,bank,music,dl-ul,game,sd,mltstr,hd,fast-ul-dl;true;009.72042369-8601-414d-a655-eef446a6f052;130000;profile0;2;true;n;showqualicontactform;n;n;Spandau_Spandau;113688705;2;Berlin;/expose/113688705;['Die in 2. OG liegende Eigentumswohnung besteht aus 2 Zimmern, Küchennische, Bad mit Badewanne und Flur. Vom Wohnzimmer mit Küchennische gelangt man auf den Balkon mit einem wunderschönen Blick ins Grüne. Sehr gepflegte Wohnanlage. Die Wohnung ist Top saniert.', 'neue Plastikfenster \nneue Einbauküche \nWaschmaschine \nKühlschrank \nElektroherd \nBadezimmer gefliest \nLaminat', 'Die angebotene Eigentumswohnung liegt im Berliner Stadtbezirk Spandau. Ländliche Regionen und Erholungsgebiete, ein vielfältiges Sportangebot, historische Sehenswürdigkeiten sowie Einkaufsmöglichkeiten mit großstädtischem Flair machen Spandau zu einem abwechslungsreichen und interessanten Ziel für Tagesausflüge und Reisen. Spandau ist durch seine Nähe sowohl zur Berliner Innenstadt, als auch zu Potsdam ein idealer Ausgangspunkt für Urlaubsgäste.', 'Alle Angaben sind ohne Gewähr und basieren ausschließlich auf Informationen des jeweiligen Eigentümers bzw. Auftraggebers.\n\nWir freuen uns von Ihnen zu hören!\nWir bitten um Kontaktaufnahme per Email.'];;;;;;;;
2020-05-11 12:45:57.801957;Berlin;central_heating;ONE_YEAR_FREE;16376858;n;y;https://pictures.immobilienscout24.de/listings/29249f88-b5de-499e-9c08-febceb3e7463-1331664225.jpg/ORIG/resize/118x118%3E/extent/118x118/format/jpg/quality/80;9;11.12;40 MBit/s;telekom_layer_magenta_l;über VDSL;1910;REGULAR;11.12;113699825;district_heating;y;false;MagentaZuhause L;y;Berlin;y;9;1;320;no_information;energy_consumption;6.13;110;Berlin;10789;well_kept;normal;;false;100 MBit/s;no_information;no_information;n;https://padlock.link/ioml;https://padlock.link/ml;no_information;apartment;10789;3;94.4;n;2,active;true;Deutschland;top;100 MBit/s;wohnung_kauf;n;1;web,email,bank,music,dl-ul,game,sd,mltstr,hd,fast-ul-dl;true;002.01007247960;510000;profile0;3;true;n;showqualicontactform;n;n;Charlottenburg_Charlottenburg;18 176 042 SL;5;Berlin;/expose/113699825;"['Diese charmante Altbauwohnung befindet sich im Seitenflügel eines herrschaftlichen Mehrfamilienhauses mit prächtigem Eingangsportal und repräsentativem Hausflur. Der Zugang zur Wohnung erfolgt jedoch vom Vorderhaus.\n\nAlle Zimmer der Wohnung liegen zur Hofseite. Prachtvoll und eindrucksvoll ist die Stuckdecke im Wohnzimmer die seines gleichen sucht ; definitiv das Highlight dieser gemütlichen und großzügigen Eigentumswohnung.\n\nViele Details sind im Original erhalten. Die Kastenfenster, die Türklinken, teilweise Zimmertüren und Parkettfußboden.\nDie Küche ist offen gestaltet und bildet den Übergang zum sog. Berliner Zimmer. Die folgenden Zimmer werden als Arbeitszimmer und Schlafzimmer genutzt. Es sind Durchgangszimmer, die vom Berliner Zimmer aus erreichbar sind und alle Fenster zum ruhigen Hof haben. Der alte Grundriss kann jedoch wieder hergestellt werden, wonach dann alle Zimmer separat begehbar sind.\n\nEntspannen tut man auf dem halbrunden Balkon zum grünen Innenhof. Hier sitzt man gemütlich fernab der Großstadthektik. \n\nDas Badezimmer mit Badewanne ist großzügig.\n\nZu Zeit ist die Wohnung vermietet. Die Nettokaltmiete beträgt 846 € + 210 € Nebenkosten (umlagefähige Kosten) und kann ab Dezember um weitere 15% erhöht werden.', '- Küche mit Esstheke\n- Gespachtelte Wände\n- Prachtvoller Stuck\n- Fischgratparkett\n- Indirekte Beleuchtung\n- Ethanolkamin\n- Hängeboden\n- Begehbare Garderobe\n- Südbalkon\n- Einbruchsichere Tür\n- Keller', ""Die Wohnung befindet sich in zentraler Top-Lage von Berlin Charlottenburg. Zum Ku'damm sind es nur wenige Fußminuten. \nCharlottenburg gilt vor allem als Wohnquartier. Um 1855 – rund 20 Jahre nach der Erschließung – begann die rasante Bebauung mit fünfgeschossigen, oft sehr eleganten und großbürgerlichen Mietshäusern. Neben den repräsentativen Altbauten aus der wilhelminischen Zeit mit großen Wohnungen und prunkvollen Fassaden und Aufgängen prägen auch viele Neubauten das Straßenbild. \n\nSie erreichen fußläufig den Wittenbergplatz und das KaDeWe am Tauentzien nebst Gedächtniskirche binnen wenigen Minuten.\n\nDie zu den beliebtesten Wohngegenden der Innenstadt zählende Lage zeichnet sich ebenfalls durch die gute Verkehrsanbindung mit der U-Bahn sowie verschiedenen Buslinien aus. Selbst der Autobahn-Stadtring ist in wenigen Minuten zu erreichen.\n\nEs stehen diverse Parkhäuser in unmittelbarer Nähe zur Verfügung. So bleibt Ihnen die tägliche Parkplatz-Suche erspart."", 'PROVISIONSHINWEIS: Mit der Anfrage bei und durch Inanspruchnahme der Dienstleistung der Firma von Poll Immobilien GmbH, wird ein Maklervertrag geschlossen. Sofern es durch die Tätigkeit der Firma VON POLL IMMOBILIEN GmbH zu einem wirksamen Hauptvertrag mit der Eigentümerseite kommt, hat der Interessent bei Abschluss\n- eines MIETVERTRAGS keine Provision/Maklercourtage an die von Poll Immobilien GmbH zu zahlen.\n- eines KAUFVERTRAGS die ortsübliche Provision/Maklercourtage an die von Poll Immobilien GmbH gegen Rechnung zu zahlen. \nHAFTUNG: Wir weisen darauf hin, dass die von uns weitergegebenen Objektinformationen, Unterlagen, Pläne etc. vom Verkäufer bzw. Vermieter stammen. Eine Haftung für die Richtigkeit oder Vollständigkeit der Angaben übernehmen wir daher nicht. Es obliegt daher unseren Kunden, die darin enthaltenen Objektinformationen und Angaben auf ihre Richtigkeit hin zu überprüfen. Alle Immobilienangebote sind freibleibend und vorbehaltlich Irrtümer, Zwischenverkauf- und Vermietung oder sonstiger Zwischenverwertung.\n\nUNSER SERVICE FÜR SIE ALS EIGENTÜMER: \nPlanen Sie den Verkauf oder die Vermietung Ihrer Immobilie, so ist es für Sie wichtig, deren Marktwert zu kennen. Lassen Sie kostenfrei und unverbindlich den aktuellen Wert Ihrer Immobilie professionell durch einen unserer Immobilienspezialisten einschätzen. Unser bundesweites und internationales Netzwerk ermöglicht es uns, Verkäufer bzw. Vermieter und Interessenten bestmöglich zusammenzuführen.']";disabled;7;1;;;;;
2020-05-11 12:45:58.187216;Berlin;self_contained_central_heating;ONE_YEAR_FREE;15754699;n;n;https://pictures.immobilienscout24.de/listings/d0250a50-5652-4878-a5be-e012d4c48307-1362555870.jpg/ORIG/resize/118x118%3E/extent/118x118/format/jpg/quality/80;17;11.35;40 MBit/s;telekom_layer_magenta_l;über VDSL;1900;REGULAR;11.35;113704907;gas;n;false;MagentaZuhause L;y;Berlin;n;4;1;129.62;28;energy_consumption;7.53;36.89;Berlin;10245;no_information;no_information;;false;100 MBit/s;no_information;Corinthstr.;n;https://padlock.link/ioml;https://padlock.link/ml;Corinthstr.;apartment;10245;1;129.8;n;2,active;true;Deutschland;top;100 MBit/s;wohnung_kauf;n;3;web,email,bank,music,dl-ul,game,sd,mltstr,hd,fast-ul-dl;true;001.15650116;189000;profile0;1;true;n;;n;n;Friedrichshain_Friedrichshain;6084;1;Berlin;/expose/113704907;['Die hier angebotene Wohnung befindet sich im beliebten Szene-Bezirk Berlin Friedrichshain. In einem Altbaugebäude von 1900, liegt die Wohnung im 3. OG. des Vorderhauses. Sie verfügt über 1 geräumiges Balkon – Zimmer, dass zur ruhigen Corinthstraße ausgerichtet ist. Über das Zimmer hat man einen direkten Zugang in die hell geflieste Küche. Auch die Küchenfenster liegen zur Corinthstraße. Ein weiß gefliestes Wannenbad ist ebenfalls vorhanden. Das Badezimmer und das Wohnzimmer sind separat vom Flur aus begehbar. Durch die hohen Decken und einer Wandvertiefung, ist im Flur für genügend Stauraum gesorgt.\nAltbauelemente wie Stuck, Dielenboden und Altbautüren- / Fenster, verleihen der Wohnung einen ganz besonderen Charme.\n\nFür weitergehende Informationen können Sie uns gern kontaktieren.', 'Die Lage der Wohnung ist ideal. Mehrere Busse und die Tram fahren in unmittelbarer Umgebung und auch der Bahnhof Ostkreuz oder der S-Bahnhof Treptower Park (Ringbahn) sind fußläufig gut zu erreichen. Über die nahe liegende Oberbaumbrücke gelangt man in 5 Minuten nach Kreuzberg.\nEinkaufsmöglichkeiten, Ärzte, Schulen u. sonstige Einrichtungen des täglichen Bedarfs befinden sich in der unmittelbaren Umgebung. Die neu eröffnete East Side Mall, ist ein weiteres Highlight in Friedrichshain und lässt keine Wünsche bezüglich Shopping offen. Zahlreiche Cafés, Restaurants, Galerien und Freizeitparks gehören ebenfalls zu den beliebten Vorzügen von Friedrichshain.\n*Unsere Empfehlung in der Nachbarschaft:\nDie beliebte Simon-Dach-Straße mit unzähligen Bars und Cafés befindet sich in der Nähe der Wohnung und ist in jedem Fall einen Besuch wert.\n'];disabled;;;;;;;
2020-05-11 12:45:58.530439;Berlin;;;16273579;n;y;https://pictures.immobilienscout24.de/listings/320bf2d5-4f6a-4200-adc3-441de49b2ddb-1335223615.jpg/ORIG/resize/118x118%3E/extent/118x118/format/jpg/quality/80;14;10.47;;;;1906;;10.47;113689543;gas;n;false;;y;Berlin;n;9;1;435;no_information;energy_consumption;6.36;145;Berlin;13187;no_information;no_information;;false;;no_information;no_information;n;;;no_information;apartment;13187;5;186;n;2,active;;Deutschland;standard;;wohnung_kauf;y;1;;;001.15952887;649000;profile0;5;true;n;;n;n;Pankow_Pankow;412-03;6;Berlin;/expose/113689543;"['Diese großzügige 5-Zimmer-Altbauwohnung liegt nicht nur in einer Pankower Spitzenlage zwischen Majakowskiring und Breiter Straße! Diese Altbauwohnung ist ebenso großzügig geschnitten und verfügt über das Original-Fischgrätparkett sowie stilgerechte Türen, z. T. mit versenkbaren Doppelfügeln.\n\nWeiter ist diese Wohnung mit einem modernen Ofen ausgestattet, der an die bestehenden Leitungen angeschlossen ist und der bei Bedarf eine wohlige Wärme bei einem Glas Wein an einem Winterabend erzeugt.', 'Die Kavalierstraße ist eine ruhige Nebenstraße ohne Durchgangsverkehr in der Nähe des Pankower Schlossparks. Die bevorzugte Wohnlage am Majakowskiring befindet sich in der unmittelbaten Nachbarschaft. Das Unterzentrum der Pankower Breiten Straße mit zahlreichen Geschäften des täglichen Bedarfs, Banken, Bäckereieien sowie mit dem Shopping Center ""Rathaus Arkaden"" sind nur rund 250 m von der Kavalierstraße entfernt und somit zu Fuß schnell zu erreichen.', 'Mit dem Mieter ist eine Nettokaltmiete von € 7,45 pro m², entsprechend einer monatlichen Miete von € 1008,00, vereinbart. Die Mieter leisten weiter einen monatlichen Heizkostenvorschuss von € 345,00. \n\nDas Wohngeld wird voraussichtlich rund € 435,00 monatlich betragen. Bei dieser Zahl handelt es sich um eine plausible Schätzung. Eine abschließende, verbindliche Zahl können wir Ihnen erst nach dem Abschluss der Kalkulationen durch die WEG-Verwaltung nennen. \n\nBitte beachten Sie, dass es sich um eine vermietete Wohnung handelt. Daher veröffentlichen wir hier keine Bilder vom Inneren der Wohnung. Eine Besichtigung ist nach Abstimmung mit dem Mieter möglich.\n\nAlle Angaben beruhen auf den Auskünften des Eigentümers, wir übernehmen dafür keine Gewähr. Zwischenverkauf / Änderung / Irrtum vorbehalten.']";;;;;;;;
2020-05-11 12:45:58.878654;Berlin;gas_heating;ONE_YEAR_FREE;5359196;n;n;https://pictures.immobilienscout24.de/listings/110d10d6-31d1-4634-b93c-90158791501f-1359274941.jpg/ORIG/resize/118x118%3E/extent/118x118/format/jpg/quality/80;2;10.66;40 MBit/s;telekom_layer_magenta_l;über VDSL;1997;REGULAR;10.66;113713582;gas;y;false;MagentaZuhause L;y;Berlin;n;7;5;261;no_information;energy_consumption;5.91;61.78;Berlin;10119;no_information;no_information;;false;100 MBit/s;underground_garage;no_information;y;https://padlock.link/ioml;https://padlock.link/ml;no_information;apartment;10119;1;45.4;n;2,active;true;Deutschland;standard;100 MBit/s;wohnung_kauf;n;2;web,email,bank,music,dl-ul,game,sd,mltstr,hd,fast-ul-dl;true;001.5359196;310000;profile0;1;true;n;showqualicontactform;n;n;Mitte_Mitte;5366#VCJmox;3;Berlin;/expose/113713582;['Das vermietete 1 Zimmer Apartment mit kleiner Küche, großem Wohnbereich und separatem Schlafbereich, Bad und Diele befindet sich in einer gepflegten und ruhig gelegenen Wohnanlage im 2. OG (Fahrstuhl vorhanden).\nDer Schlafbereich ließe sich durch geringe Umbauten vom Wohnbereich als separater Raum abtrennen.\nEin zur Wohnung gehörender Kellerraum sowie ein Stellplatz  in der Tiefgarage ist vorhanden. Der Stellplatz ist zzgl. zum Kaufpreis für 30.000,-€ käuflich zu erwerben (310.000,-€ + 30.000,-€ = 340.000,-€). \nDer bestehende Mietvertrag ist zum 31.12.2019 gekündigt. Der Mieter ist bisher nicht ausgezogen.', '- bodentiefe Aluminiumfenster mit Isolierverglasung\n- Fußbodenheizung\n- Kellerabteil\n- Stellplatz in der Tiefgarage (30.000,-€)', 'Beliebte und sehr gefragte Wohnlage in Berlin-Mitte, nahe Hackeschen Markt. Mitten im Kiez, mit extravaganten Einzelgeschäften, interessanter Gastronomie und vielem mehr. Zentral doch dennoch ruhig gelegen.', 'Sollten Sie hier Ihre Immobilie nicht gefunden haben, senden Sie uns bitte eine E-Mail mit Ihren Suchkriterien. Gern stellen wir Ihnen unsere diesbezüglichen Angebote vor. Selbstverständlich stehen wir Ihnen auch telefonisch gern für Ihre Immobilienwünsche zur Verfügung.\n\nDie Angaben in diesem Exposé beruhen auf die uns erteilten Informationen des Auftraggebers. Alle Angaben aus diesem Expose stammen vom Verkäufer.\nDer Immobilienmakler hat insbesondere die Wohnflächenangabe des Verkäufers nicht überprüft und keine eigene Wohnflächenberechnung erstellt.\nWir bemühen uns, möglichst vollständige und richtige Angaben zu erhalten und an Sie weiterzuleiten. Wir übernehmen jedoch keine Haftung für die Angaben im Exposé.\n\nAufgrund der Makler- und Bauträgerverordnung sind wir verpflichtet, auf die Nachweis/-Vermittlungsprovision zu verweisen. Sie beträgt derzeit 7,14 % inkl. der gesetzlich gültigen Mehrwertsteuer in Höhe von 19% vom tatsächlich erzielten Kaufpreis und ist fällig und zahlbar vom Käufer an die Firma Heydukowski & Co. GbR bei Abschluss des notariellen Kaufvertrages oder eines wirtschaftlichen im Wesentlichen identischen Abschlusses. Eine Weitergabe dieser ausschließlich für Sie bestimmten Unterlagen an Dritte löst bei deren Kauf die Provisionspflicht des Empfängers aus.'];disabled;;;;;1;;
2020-05-11 12:45:59.385129;Berlin;central_heating;ONE_YEAR_FREE;433573;n;y;https://pictures.immobilienscout24.de/listings/d7111709-c0cb-414f-b7c4-1bccec9f4514-1365676064.jpg/ORIG/resize/118x118%3E/extent/118x118/format/jpg/quality/80;25;9.35;40 MBit/s;telekom_layer_magenta_l;über VDSL;1995;REGULAR;9.35;113716764;oil;y;true;MagentaZuhause L;y;Berlin;y;8;5;360;no_information;energy_consumption;3.96;131;Berlin;13503;well_kept;no_information;D;false;100 MBit/s;carport;no_information;n;https://padlock.link/ioml;https://padlock.link/ml;no_information;maisonette;13503;4;117;n;2,active;true;Deutschland;top;100 MBit/s;wohnung_kauf;n;;web,email,bank,music,dl-ul,game,sd,mltstr,hd,fast-ul-dl;true;001.433573;499000;profile0;4;true;y;showqualicontactform;n;n;Heiligensee_Reinickendorf;03/150/94080;6;Berlin;/expose/113716764;"['Die helle und große Erdgeschoss-Maisonette-Wohnung befindet sich in einem Mehrfamilienhaus, das 1995 erbaut wurde. Insgesamt sind in dem schönen Wohnhaus nur 7 Wohnungen vorhanden. Die angebotene Wohnung bietet ca. 131 m² Wohnfläche mit 4 Zimmern verteilt über zwei Etagen. Im Erdgeschoss befindet sich das große Wohnzimmer, das mit Fliesen, einer Fußbodenheizung und einem gemütlichen Kaminofen ausgestattet ist. Der Zugang zum geräumigen und sonnigen Süd-Balkon schließt sich gleich dem Wohnzimmer an. Der Balkon bietet viel Platz für idyllische und gemütliche Momente. Grünflächen und gut erhaltener Baumbestand in der Anliegerstraße geben der Wohnung einen schönen Ausblick. Vom Flur gelangen Sie zur modernen und neuwertigen Einbauküche, in das Badezimmer mit Badewanne und Tageslicht als auch in eines der Schlafzimmer der großen Wohnung. Im Erdgeschoss befindet sich zusätzlich noch das separate Gäste-WC. Den Souterrainbereich erreicht man über eine Treppe vom Wohnzimmer aus. Dort liegt das große Schlafzimmer mit geräumiger Terrasse, die sich perfekt als Erholungsort und Rückzug aus dem Alltag eignet. Auch der untere Bereich der Wohnung ist mit einer Fußbodenheizung ausgestattet. Zusätzlich befindet sich im Souterrainbereich ein Arbeitszimmer und das zweite Badezimmer. Beide Etagen sind jeweils über einen eigenen Zugang auch getrennt voneinander begehbar. Von dem Zugang auf der unteren Etage gelangen Sie auch zum dazugehörigen Kellerraum der Wohnung. Das Wohnhaus und die Gemeinschaftsanteile sind in einem sehr guten Zustand. Zur Wohneinheit gehört ein PKW-Außenstellplatz auf dem Grundstück des Hauses, der im Kaufpreis bereits mit inbegriffen ist. Die Wohnung kann im Sommer 2020 bezogen werden.', '- Kaminofen\n- Einbauküche\n- Badezimmer mit Tageslicht\n- Fußbodenheizung\n- Balkon\n- Terrasse\n- PKW-Stellplatz\n- Keller', 'Berlin, als Hauptstadt Deutschlands, ist nicht nur das politische Zentrum, sondern gehört längst auch zu den dynamischen Wirtschaftsregionen in Europa. Zahlreiche Neuansiedlungen haben Berlin zu einem starken Wirtschaftsstandort gemacht. Mit einer gut ausgebauten Infrastruktur, einer exzellenten Wissenschafts- und Forschungslandschaft bieten die Hauptstadt und ihr Umland Unternehmen optimale Standortbedingungen. Die Wohnung liegt in einem ruhigen, grünen und sehr idyllischen Teil von Heiligensee ca. 10 Gehminuten vom S-Bahnhof Berlin-Schulzendorf entfernt. Das idyllische Haveldorf Heiligensee ist einer der beliebtesten westlichsten Ortsteile von Berlin. Wasser, Wald und Felder machen den Reiz des Havelorts im Nordwesten Reinickendorfs aus. Gerade mal 15 Minuten Autofahrt von Tegel entfernt, erreicht man über die A111 durch den Tegeler Forst das historisch gewachsene und behutsam modernisierte Heiligensee. Der Stadtteil ist geprägt von Einfamilienhäusern mit Vorgärten oder kleinen Mehrfamilienhäusern mit schönen Gartenanlagen. Das kleinstädtische Flair von Heiligensee zieht alle, die nach Ruhe und Natur am Rande der Metropole Berlin suchen, magisch an. Trotz der Abgeschiedenheit ist die Infrastruktur von Heiligensee gut ausgebaut. Einkaufsmöglichkeiten, Schulen, Kitas, Ärzte, Apotheken und die Post erreicht man fußläufig in der näheren Nachbarschaft.  Mit dem PKW hat man eine gute Verbindung in das Berliner Stadtzentrum oder zu Örtlichkeiten in der näheren Brandenburger Umgebung. Durch den direkten Autobahnanschluss A 111 ist die Anbindung als ideal zu bezeichnen. Aber auch die öffentlichen Verkehrsmittel sind mit der S-Bahn und verschiedenen Buslinien gut erschlossen. Für Naherholung ist mit viel Wald und Wasser in der Umgebung gesorgt.', 'Alle Angaben in diesem Exposé (Objektbeschreibung, Abmessungen, Preisangaben etc.) beruhen auf Angaben des Verkäufers (oder eines Dritten). Die DKB Grund GmbH überprüfte diese Angaben lediglich auf Plausibilität und übernimmt hierfür keine weitergehende Haftung.\n \nDie DKB Grund haftet bei Vorsatz und grober Fahrlässigkeit. Im Falle einfacher Fahrlässigkeit haftet die DKB Grund nur bei Verletzung wesentlicher Rechte und Pflichten, die sich nach dem Inhalt und Zweck des Maklervertrages ergeben; in diesem Fall ist die Haftung der DKB Grund auf den vorhersehbaren, vertragstypischen Schaden begrenzt. Diese Haftungsbeschränkungen gelten nicht für Schäden aus der Verletzung des Lebens, des Körpers oder der Gesundheit oder soweit eine Garantie übernommen wurde. Soweit die Schadensersatzhaftung der DKB Grund gegenüber ausgeschlossen oder beschränkt ist, gilt dies auch für eine persönliche Schadensersatzhaftung ihrer Arbeitnehmer, Mitarbeiter und Vertreter.\n \nDer DKB Grund GmbH ist es gestattet, auch für den Verkäufer provisionspflichtig tätig zu werden.\n\nEinfach mit den besten Banken finanzieren! Unsere Zusammenarbeit mit am Markt führenden Bankpartnern ermöglicht die Auswahl des optimalen Finanzierungsangebotes für Ihre Immobilie zu Top-Konditionen']";;;;;;1;;
2020-05-11 12:46:00.964572;Berlin;central_heating;ONE_YEAR_FREE;377811;n;y;https://pictures.immobilienscout24.de/listings/a6ba771b-d821-4c38-9006-daa8fc6b051c-1322473133.jpg/ORIG/resize/118x118%3E/extent/118x118/format/jpg/quality/80;4;7.97;40 MBit/s;telekom_layer_magenta_l;über VDSL;1909;REGULAR;7.97;113699869;gas;y;false;MagentaZuhause L;y;Berlin;y;4;1;260;2;energy_required;5.61;60;Berlin;13125;well_kept;no_information;;false;100 MBit/s;no_information;Zepernicker Str.;n;https://padlock.link/ioml;https://padlock.link/ml;Zepernicker_Str.;apartment;13125;2;115;n;2,active;true;Deutschland;standard;100 MBit/s;wohnung_kauf;y;1;web,email,bank,music,dl-ul,game,sd,mltstr,hd,fast-ul-dl;true;001.377811;179000;profile0;2;true;n;showqualicontactform;n;n;Buch_Pankow;113699869;2;Berlin;/expose/113699869;"['Das unter Denkmalschutz stehende, ehemals als Heil- und Pflegeanlage errichtete bzw. genutzte Gebäudeensemble auf einem ca. 32.000 m² großen Parkgrundstück ist in den Jahren 2007 und 2008 umfassend umgeplant und kernsaniert worden.\n\nIm Ergebnis ist die hochwertige Wohnanlage ""Ludwigpark"" entstanden, die modernes, gehobenes Wohnen in einem historischen und einzigartigen Ambiente möglich macht. \n\nWer hier wohnt, genießt die Vorzüge eines citynahen Wohnens in grüner Idylle.', 'Allgemein:\n\nDie Wohnungen verfügen über eine gehobene Ausstattung mit Echtholzparkettböden in den Wohnräumen und im Flur, modern gefliesten Dusch- oder Wannenbädern, Küchen und gut zu nutzenden Balkonen mit schönem Grünblick. \n\nBei der hier zum Verkauf angebotenen Wohnung besteht ein Sondernutzungsrecht an einem PKW-Stellplatz.', 'Mietzinsinformationen:\n\nDer Nettokaltmietzins beträgt aktuell 440,50 EUR/Monat und der Gesamtwarmmietzins 617,50 EUR/Monat.\n\nHinzu kommt die Mieteinnahme aus der Stellplatzvermietung in Höhe von 30,00 EUR/Monat. \n\nBei etwaig gewünschter Eigennutzung ist die Kündigung unter Einhaltung der ordentlichen Kündigungsfrist gemäß bisheriger Mietvertragsdauer, hier innerhalb von drei Monaten, möglich.\n\nZusätzlich zu berücksichtigende Kündigungssperrfristen bestehen für dieses Objekt nicht mehr.']";;;3;;2008;;;
2020-05-11 12:46:01.337028;Berlin;central_heating;ONE_YEAR_FREE;18327871;n;y;https://pictures.immobilienscout24.de/listings/602ae758-f470-4bba-9b35-17beba579df0-1322594309.jpg/ORIG/resize/118x118%3E/extent/118x118/format/jpg/quality/80;6;11.35;40 MBit/s;telekom_layer_magenta_l;über VDSL;1900;REGULAR;11.35;113708093;gas;n;false;MagentaZuhause L;n;Berlin;y;7;1;;36;;7.53;69.19;Berlin;10247;need_of_renovation;normal;;false;100 MBit/s;no_information;"Weserstra&szlig;e";n;https://padlock.link/ioml;https://padlock.link/ml;Weserstraße;apartment;10247;2;;n;2,active;true;Deutschland;top;100 MBit/s;wohnung_kauf;n;3;web,email,bank,music,dl-ul,game,sd,mltstr,hd,fast-ul-dl;true;002.01009117441;345900;profile0;2;true;n;showqualicontactform;n;n;Friedrichshain_Friedrichshain;000000078;3;Berlin;/expose/113708093;['Drumherum mag das moderne Leben toben, BO bietet Singles, Paaren und Familien den idealen Rückzugsort. Das historistische Wohnhaus in der Weserstraße besteht aus Vorderhaus, Seitenflügel und Gartenhaus. \n\nDurch die Sanierungs- und Modernisierungsarbeiten am Gemeinschaftseigentum erstrahlt BO in neuem Glanz. Das Dach wird abgetragen und durch ein neues ersetzt, in dem vier hochwertige Neubau-Wohneinheiten entstehen. Eine liebevolle Aufarbeitung der Fassade und neue, dreifach verglaste Holzfenster geben BO ebenso ein frisches Gesicht wie der Anbau von hofseitigen Aufzügen, neuen Balkonen und ein gärtnerisch gestalteter Innenhof mit Grünflächen, Naturstein-Wegen, Fahrradstellplätzen und einem behaglichen und geschützten Kinderspielplatz. \n\nLiebhaber verspielter Gründerzeitarchitektur finden im BO das perfekte Heim. Viele Räume verfügen noch über Dielenböden und Kassettentüren. Die Wohnungen werden im unsanierten Zustand verkauft, so dass sie viel Gestaltungspotenzial bieten. Geben Sie Ihrer Kreativität mit Farben und Strukturen Ausdruck und unterstreichen Sie den Charakter der charmanten Altbaudetails.\n\nEin Energieausweis wird zur Fertigstellung der Maßnahmen erstellt.\n\nSie erwerben direkt vom Bauträger – selbstverständlich provisionsfrei!', 'Begehrt wie heiße Schrippen: Zusammen mit Mitte, Kreuzberg und Prenzlauer Berg bildet Friedrichshain das lebendige Zentrum Berlins. Unzählige Geschäfte, Restaurants, Clubs und Kultur haben den ehemaligen Arbeiterbezirk über die Jahre in ein buntes, aufgeschlossenes Quartier verwandelt. \n\nZwischen quirligem Treiben am Spreeufer, der Partymeile rund um die Simon-Dach-Straße und grünen Inseln wie den Grünflächen rund um den Rummelsburger See oder Treptower Park findet hier jeder schnell Orte zum Ankommen, Ausspannen oder Mitgestalten. Und kann ansonsten genau so leben, wie er will. Ob Erlebnis oder Entspannung, der Drink nebenan oder ein Spontan-Reißaus mit dem Nahverkehr: Friedrichshain bietet alle Möglichkeiten zu jeder Zeit und ist genau darum als Lebensmittelpunkt so unverschämt attraktiv!\n\nBO heißt BO, weil das im Schwedischen „Leben“ und „Nest“ bedeutet – aber auch, weil es mitten im Boxhagener Kiez gelegen ist. Hier sind die Wege kurz, egal wohin. Am familienfreundlichen Trave- ist man ebenso fix wie am Boxhagener Platz, dem hippen Namensgeber des Kiezes.\n\nBus und Tram fahren um die Ecke ab, mehr Verkehr bieten die U- bzw. S-Bahnhöfe Samariterstraße und Frankfurter Allee. Das Berliner Ostkreuz ist zehn Gehminuten entfernt, von wo aus Ziele in ganz Berlin schnell und bequem erreichbar sind.'];disabled;;5;;;;;
2020-05-11 12:46:01.917109;Berlin;central_heating;ONE_YEAR_FREE;8128225;n;n;https://pictures.immobilienscout24.de/listings/bec05f0c-1da9-4bf2-a593-dc76047d77a3-1337517707.jpg/ORIG/resize/118x118%3E/extent/118x118/format/jpg/quality/80;8;10.47;40 MBit/s;telekom_layer_magenta_l;über VDSL;1906;REGULAR;10.47;113722763;gas;n;false;MagentaZuhause L;y;Berlin;n;8;1;340.44;19B;energy_consumption;6.36;98;Berlin;13187;well_kept;no_information;E;false;100 MBit/s;no_information;"Kavalierstra&szlig;e";n;https://padlock.link/ioml;https://padlock.link/ml;Kavalierstraße;apartment;13187;3;148.6;n;2,active;true;Deutschland;top;100 MBit/s;wohnung_kauf;y;2;web,email,bank,music,dl-ul,game,sd,mltstr,hd,fast-ul-dl;true;001.8128225;489000;profile0;3;true;n;showqualicontactform;n;n;Pankow_Pankow;C2322;4;Berlin;/expose/113722763;['Willkommen in Pankow\n\nDie vermietete Altbauwohnung liegt im 2.OG des Hauses. Die Wohnfläche von 98m² verteilt sich auf 3 Zimmer, Küche, Bad, Flur und Loggia. \n\nDie Wohnung ist in einem insgesamt guten Zustand. Weitere Informationen zu dieser Immobilie erhalten Sie selbstverständlich auf Anfrage. Vereinbaren Sie am besten jetzt Ihren persönlichen Besichtigungstermin. Wir freuen uns auf Sie.\n\n\nOBJEKTDATEN IM KURZÜBERBLICK\nBezug: vermietet\nEtage: 2. OG\nZimmer: 3\nWohnfläche: ca. 98,00 m²\nBad: Wannen- und Duschbad mit Fenster\nLoggia: Ja\nNettokaltmiete: EUR 1.124,50 (Staffelmietvertrag)\nBetriebskosten: EUR 210,00\nGesamtmiete: EUR 1.334,50\n\nWohngeld: EUR 340,44\n\nObjekt-Nr.: C 2322/ WE 06', 'Die Kavalierstraße befindet sich in Pankow - dem namensgebenden Ortsteil des Berliner Bezirks Pankow. Hier findet man idyllische Grünanlagen, Szenekieze und attraktive Wohnquartiere sowie beliebte Kulturzentren und florierende Gewerbestandorte.\n\nGeschäfte des täglichen Bedarfs und ein reichhaltiges gastronomisches Angebot sind fußläufig erreichbar - ebenso wie Ärzte, Apotheken, Schulen und Kindertagesstätten. Bekannt ist Pankow auch für seine zahlreichen Märkte, etwa dem Ökomarkt am Kollwitzplatz oder dem ältesten Berliner Wochenmark auf dem Pankower Anger.\n\nEin weiterer Bestandteil der ausgewogenen Infrastruktur ist das attraktive Nahverkehrsangebot. Mehrere Bus- und Tramlinien sind fußläufig erreichbar. Der S- und U-Bahnhof Pankow (S2, S8, S85 & U2) ist knapp 10 Fußminuten entfernt. \n\nErholungs- und Freizeitmöglichkeiten bieten verschiedene nahegelegene Parkanlagen (Schlosspark, Bürgerpark Pankow, Volkspark Schönholzer Heide) oder auch das Sommerbad Pankow.', 'Sie wollen Ihre Immobilie verkaufen?\nWir haben vielleicht schon einen Käufer für Sie!\nGerne kümmern wir uns professionell und engagiert um den Verkauf Ihres Objektes.\n\nWir beraten Sie mit unserer Erfahrung bei der Bewertung Ihrer Immobilie und der Kaufpreisfindung. Selbstverständlich begleiten wir Sie beim Verkauf bis zur Übergabe des Objektes.\n\nWeitere attraktive Angebote von vermieteten und bezugsfreien Eigentumswohnungen finden Sie unter: www.bamboola-immobilien.de'];;;;;;;;
2020-05-11 12:46:02.317344;Berlin;central_heating;ONE_YEAR_FREE;18327871;n;n;https://pictures.immobilienscout24.de/listings/acd439cd-46ff-4a02-aa05-b0b27477a4fb-1322592536.jpg/ORIG/resize/118x118%3E/extent/118x118/format/jpg/quality/80;6;11.35;40 MBit/s;telekom_layer_magenta_l;über VDSL;1900;REGULAR;11.35;113708035;gas;n;false;MagentaZuhause L;n;Berlin;y;6;1;;36;;7.53;55.7;Berlin;10247;need_of_renovation;normal;;false;100 MBit/s;no_information;"Weserstra&szlig;e";n;https://padlock.link/ioml;https://padlock.link/ml;Weserstraße;apartment;10247;2;;n;2,active;true;Deutschland;top;100 MBit/s;wohnung_kauf;n;1;web,email,bank,music,dl-ul,game,sd,mltstr,hd,fast-ul-dl;true;002.01009117441;279900;profile0;2;true;n;showqualicontactform;n;n;Friedrichshain_Friedrichshain;000000075;2;Berlin;/expose/113708035;['Drumherum mag das moderne Leben toben, BO bietet Singles, Paaren und Familien den idealen Rückzugsort. Das historistische Wohnhaus in der Weserstraße besteht aus Vorderhaus, Seitenflügel und Gartenhaus. \n\nDurch die Sanierungs- und Modernisierungsarbeiten am Gemeinschaftseigentum erstrahlt BO in neuem Glanz. Das Dach wird abgetragen und durch ein neues ersetzt, in dem vier hochwertige Neubau-Wohneinheiten entstehen. Eine liebevolle Aufarbeitung der Fassade und neue, dreifach verglaste Holzfenster geben BO ebenso ein frisches Gesicht wie der Anbau von hofseitigen Aufzügen, neuen Balkonen und ein gärtnerisch gestalteter Innenhof mit Grünflächen, Naturstein-Wegen, Fahrradstellplätzen und einem behaglichen und geschützten Kinderspielplatz. \n\nLiebhaber verspielter Gründerzeitarchitektur finden im BO das perfekte Heim. Viele Räume verfügen noch über Dielenböden und Kassettentüren. Die Wohnungen werden im unsanierten Zustand verkauft, so dass sie viel Gestaltungspotenzial bieten. Geben Sie Ihrer Kreativität mit Farben und Strukturen Ausdruck und unterstreichen Sie den Charakter der charmanten Altbaudetails.\n\nEin Energieausweis wird zur Fertigstellung der Maßnahmen erstellt.\n\nSie erwerben direkt vom Bauträger – selbstverständlich provisionsfrei!', 'Begehrt wie heiße Schrippen: Zusammen mit Mitte, Kreuzberg und Prenzlauer Berg bildet Friedrichshain das lebendige Zentrum Berlins. Unzählige Geschäfte, Restaurants, Clubs und Kultur haben den ehemaligen Arbeiterbezirk über die Jahre in ein buntes, aufgeschlossenes Quartier verwandelt. \n\nZwischen quirligem Treiben am Spreeufer, der Partymeile rund um die Simon-Dach-Straße und grünen Inseln wie den Grünflächen rund um den Rummelsburger See oder Treptower Park findet hier jeder schnell Orte zum Ankommen, Ausspannen oder Mitgestalten. Und kann ansonsten genau so leben, wie er will. Ob Erlebnis oder Entspannung, der Drink nebenan oder ein Spontan-Reißaus mit dem Nahverkehr: Friedrichshain bietet alle Möglichkeiten zu jeder Zeit und ist genau darum als Lebensmittelpunkt so unverschämt attraktiv!\n\nBO heißt BO, weil das im Schwedischen „Leben“ und „Nest“ bedeutet – aber auch, weil es mitten im Boxhagener Kiez gelegen ist. Hier sind die Wege kurz, egal wohin. Am familienfreundlichen Trave- ist man ebenso fix wie am Boxhagener Platz, dem hippen Namensgeber des Kiezes.\n\nBus und Tram fahren um die Ecke ab, mehr Verkehr bieten die U- bzw. S-Bahnhöfe Samariterstraße und Frankfurter Allee. Das Berliner Ostkreuz ist zehn Gehminuten entfernt, von wo aus Ziele in ganz Berlin schnell und bequem erreichbar sind.'];disabled;;5;;;;;
2020-05-11 12:46:02.678010;Berlin;gas_heating;ONE_YEAR_FREE;97549;n;y;https://pictures.immobilienscout24.de/listings/a21cb78a-276d-4b71-9912-0ea3519705a6-1323063867.jpg/ORIG/resize/118x118%3E/extent/118x118/format/jpg/quality/80;16;10.18;40 MBit/s;telekom_layer_magenta_l;über VDSL;1909;REGULAR;10.18;113708323;gas;n;false;MagentaZuhause L;y;Berlin;y;6;1;;29;energy_consumption;5.21;74.35;Berlin;12207;no_information;no_information;F;false;100 MBit/s;no_information;"M&uuml;llerstra&szlig;e";n;https://padlock.link/ioml;https://padlock.link/ml;Müllerstraße;apartment;12207;2;179;n;2,active;true;Deutschland;premium;100 MBit/s;wohnung_kauf;n;2;web,email,bank,music,dl-ul,game,sd,mltstr,hd,fast-ul-dl;true;001.97549;299000;profile0;2;true;n;showqualicontactform;n;n;Lichterfelde_Steglitz;Müller29_8;3;Berlin;/expose/113708323;['Der Altbau (Baujahr ca. 1909) liegt im Bezirk Steglitz-Zehlendorf im Ortsteil Lichterfelde in der Nähe vom Ostpreußendamm.\n\nUnweit befindet sich der Teltowkanal mit langen Wander- und Radwegen.\n\nMit diversen Buslinien und dem S-Bahnhof „Osdorfer Straße“ (S25, S26) hat man Anbindung an das öffentliche Verkehrsnetz und gelangt bis Teltow, Südkreuz, Potsdamer Platz, Friedrichstraße, Nordbahnhof, Gesundbrunnen oder bis in den Norden von Berlin.\n\nIm näheren Umfeld gibt es verschiedene Einkaufsmöglichkeiten, Restaurants und Cafés, Schulen und Kitas sowie Spielplätze und Parks.', '- Balkon mit Grünblick\n- 2. Obergeschoss\n- Stuck\n- Holzdielen\n- Keller', '- Nähe S Osdorfer Straße\n- Nähe S Lichterfelde Süd\n- Nahe Teltowkanal', 'Das Haus wird mit einer Gasheizung versorgt.'];;2;;;;;true;
2020-05-11 12:46:03.103739;Berlin;central_heating;ONE_YEAR_FREE;17610703;n;y;https://pictures.immobilienscout24.de/listings/8f4a6e4b-dfe2-45a8-bdf6-da1e6fc31c57-1358958819.jpg/ORIG/resize/118x118%3E/extent/118x118/format/jpg/quality/80;12;11.12;40 MBit/s;telekom_layer_magenta_l;über VDSL;;REGULAR;11.12;113708220;;n;false;MagentaZuhause L;y;Berlin;y;7;;105;48;;6.13;77.58;Berlin;10589;well_kept;normal;;false;100 MBit/s;no_information;Kaiserin-Augusta-Allee;n;https://padlock.link/ioml;https://padlock.link/ml;Kaiserin-Augusta-Allee;apartment;10589;2;;n;2,active;true;Deutschland;top;100 MBit/s;wohnung_kauf;n;1;web,email,bank,music,dl-ul,game,sd,mltstr,hd,fast-ul-dl;true;009.eb808053-c275-4395-8fce-dc755606f8bd;325836;profile0;2;true;n;;n;n;Charlottenburg_Charlottenburg;113708220;3;Berlin;/expose/113708220;['Unwiderstehlich geräumige und helle Wohnung im Zentrum von Berlin \n\nDas Wohnhaus aus dem Jahre 1910 mit der zum Verkauf stehenden Zweizimmerwohnung befindet sich in einer mit Bäumen umgebenen breiten Straße im umschwärmten Bezirk Berlin-Charlottenburg mit Parkmöglichkeiten für Anwohner auf jeder Straßenseite. Der klassische Altbau ist gut erhalten und bietet viel Raum für behaglichen Wohnkomfort. Helle Räume dank großen Fenster und typisch hohen Decken laden zur Gestaltungsvielfalt ein. Zu der gemütlichen Wohnung gehört noch eine Kellereinheit, die zusätzlich viel Stauraum bietet. Das Baderzimmer wird bald renoviert.\nDer wunderschöne Wintergarten setzt Ihrer Fantasie beim Gestalten keine Grenzen, sorgt für Glücksgefühle und lädt zum täglichen Entspannen ein. \n\nÄußerst attraktive Wohnung zum lukrativen Preis in einer in jeder Hinsicht einzigartigen Lage!\n\nIrresistibly spacious and bright apartment in the center of Berlin\n\nThe house from 1910 with two-room apartment for sale is located in a tree-lined wide street in the crowded district of Berlin-Charlottenburg with parking for residents on each side of the street. The classic old building is well preserved and offers plenty of room for comfortable living. Bright rooms thanks to large windows and typically high ceilings invite you to a variety of design options. To the cozy apartment belongs a cellar unit, which also offers plenty of storage space.\nThe beautiful conservatory sets your imagination in the design no limits, makes for happiness and invites you to relax daily.\n\nExtremely attractive apartment at a lucrative price in a unique location !', 'Die außergewöhnliche Lage überrascht zusätzlich mit einer fußläufigen Riesenauswahl an Einkaufsmöglichkeiten für jeden Bedarf und Geldbeutel und bietet eine wunderbare Verkehrsanbindung (U-Bahnstation Mierendorffplatz, sowie Bus-Stationen verschiedener Linien in unmittelbarer Nähe). Die Anbindung an die Stadtautobahn (ca. 2 km entfernt) ist für jeden Autofahrer in Berlin beneidenswert. \n\nDas 9000 m² großes Areal des Mierendorffplatzes in unmittelbarer Nachbarschaft lädt zum ausgiebigen Spazieren in wunderbarer grünen Umgebung. Von da aus verläuft auch die Mierendorffstraße bis zu dem berühmten und sehr beliebten Schloss Charlottenburg mit dem ersten Barockgarten in Deutschland, der mit seiner prachtvollen zauberhaften Landschaft jeden Besucher zum Picknicken im Freien und Sonnenbaden einlädt. Natur genießen jeden Tag mitten in der Stadt! \n\nDie Nähe zum malerischen Spreeufer (nur 800 m) garantiert entspannende Spaziergänge und ein besonderes Klima in heißen Tagen in Berlin. Die zweite öffentliche Parkanlage der Österreichpark entlang dem Spreeufer sorgt für abwechslungsreiche Ausflüge in unmittelbarer Umgebung. Vielseitige Unterhaltungsmöglichkeiten für Familien, Spielplätze und Sporthalle in direkter Nähe. Niveauvolle Lokale, Traditionsbrauerei laden zum geselligen oder umgekehrt ruhigen Abend mit ihrer angenehmen Atmosphäre direkt vor der Tür ein.The exceptional location also surprises with a huge choice of shopping opportunities for every need and budget and offers wonderful transport links (underground station Mierendorffplatz, as well as bus stations of various lines in the immediate vicinity). The connection to the city highway (about 2 km away) is enviable for every motorist in Berlin.\n\nThe 9000 m² large area of \u200b\u200bMierendorffplatz in the immediate vicinity invites you to take a long walk in wonderful green surroundings. From there, the Mierendorffstraße runs up to the famous and very popular Charlottenburg Palace with the first baroque garden in Germany, which invites every visitor to picnic outdoors and sunbathe with its magnificent enchanting landscape. Enjoy nature every day in the middle of the city!\n\nThe proximity to the picturesque Spree shore (only 800 m) guarantees relaxing walks and a special climate in hot days in Berlin. The second public park of the Österreichpark along the banks of the Spree provides a variety of excursions in the immediate vicinity. Versatile entertainment for families, playgrounds and sports hall in the immediate vicinity. High-quality restaurants, traditional brewery invite you to a convivial or vice versa quiet evening with its pleasant atmosphere right outside the door.'];;;6;;;;;true
